-- --------------------------------------------------------
-- Hôte:                         127.0.0.1
-- Version du serveur:           8.0.30 - MySQL Community Server - GPL
-- SE du serveur:                Win64
-- HeidiSQL Version:             12.1.0.6537
-- --------------------------------------------------------

/*!40101 SET @OLD_CHARACTER_SET_CLIENT=@@CHARACTER_SET_CLIENT */;
/*!40101 SET NAMES utf8 */;
/*!50503 SET NAMES utf8mb4 */;
/*!40103 SET @OLD_TIME_ZONE=@@TIME_ZONE */;
/*!40103 SET TIME_ZONE='+00:00' */;
/*!40014 SET @OLD_FOREIGN_KEY_CHECKS=@@FOREIGN_KEY_CHECKS, FOREIGN_KEY_CHECKS=0 */;
/*!40101 SET @OLD_SQL_MODE=@@SQL_MODE, SQL_MODE='NO_AUTO_VALUE_ON_ZERO' */;
/*!40111 SET @OLD_SQL_NOTES=@@SQL_NOTES, SQL_NOTES=0 */;


-- Listage de la structure de la base pour annuaire
CREATE DATABASE IF NOT EXISTS `annuaire` /*!40100 DEFAULT CHARACTER SET utf8mb4 COLLATE utf8mb4_0900_ai_ci */ /*!80016 DEFAULT ENCRYPTION='N' */;
USE `annuaire`;

-- Listage de la structure de table annuaire. salarie
CREATE TABLE IF NOT EXISTS `salarie` (
  `NUM_SAL` int NOT NULL AUTO_INCREMENT,
  `NOM` varchar(50) NOT NULL,
  `PRENOM` varchar(50) NOT NULL,
  `TELEPHONE_FIXE` varchar(50) CHARACTER SET utf8mb4 COLLATE utf8mb4_0900_ai_ci DEFAULT NULL,
  `TELEPHONE_PORTABLE` varchar(50) CHARACTER SET utf8mb4 COLLATE utf8mb4_0900_ai_ci NOT NULL,
  `EMAIL` varchar(50) CHARACTER SET utf8mb4 COLLATE utf8mb4_0900_ai_ci NOT NULL,
  `NUM_SERV` int NOT NULL,
  `NUM_SITE` int NOT NULL,
  PRIMARY KEY (`NUM_SAL`),
  KEY `SERV_SAL` (`NUM_SERV`),
  KEY `SITE_SAL` (`NUM_SITE`),
  CONSTRAINT `SERV_SAL` FOREIGN KEY (`NUM_SERV`) REFERENCES `service` (`NUM_SERV`),
  CONSTRAINT `SITE_SAL` FOREIGN KEY (`NUM_SITE`) REFERENCES `site` (`NUM_SITE`)
) ENGINE=InnoDB AUTO_INCREMENT=1001 DEFAULT CHARSET=utf8mb4 COLLATE=utf8mb4_0900_ai_ci;

-- Listage des données de la table annuaire.salarie : ~1 000 rows (environ)
INSERT INTO `salarie` (`NUM_SAL`, `NOM`, `PRENOM`, `TELEPHONE_FIXE`, `TELEPHONE_PORTABLE`, `EMAIL`, `NUM_SERV`, `NUM_SITE`) VALUES
	(1, 'Bernard', 'Robert', '0164216184', '0628706256', 'Robert.Bernard@email.com', 3, 3),
	(2, 'Blanc', 'Charlie', '0178958260', '0670314776', 'Charlie.Blanc@email.com', 4, 4),
	(3, 'Lambert', 'Wendie', '0122954967', '0647223366', 'Wendie.Lambert@email.com', 5, 5),
	(4, 'Michel', 'Kathleen', '0139009362', '0636509087', 'Kathleen.Michel@email.com', 4, 4),
	(5, 'Roussel', 'Thomas', '0126104788', '0641627765', 'Thomas.Roussel@email.com', 8, 1),
	(6, 'Legrand', 'Xander', '0113475402', '0687065115', 'Xander.Legrand@email.com', 9, 5),
	(7, 'Blanc', 'Wendie', 'null', '0642980792', 'Wendie.Blanc@email.com', 9, 5),
	(8, 'Laporte', 'Thomas', '0193911242', '0635845204', 'Thomas.Laporte@email.com', 9, 5),
	(9, 'Lecomte', 'Angélique', '0180518930', '0627896869', 'Angélique.Lecomte@email.com', 9, 5),
	(10, 'Mathieu', 'Riley', '0192854938', '0662498626', 'Riley.Mathieu@email.com', 3, 3),
	(11, 'Blanc', 'Théo', '0154397595', '0644046302', 'Théo.Blanc@email.com', 2, 2),
	(12, 'Roux', 'Kathleen', '0117251088', '0612240841', 'Kathleen.Roux@email.com', 4, 4),
	(13, 'Martin', 'Ursula', '0158930057', '0623862760', 'Ursula.Martin@email.com', 9, 5),
	(14, 'Charpentier', 'Mia', 'null', '0687504441', 'Mia.Charpentier@email.com', 7, 4),
	(15, 'Richard', 'Charlotte', '0195980939', '067957390', 'Charlotte.Richard@email.com', 9, 5),
	(16, 'Dubois', 'Pierre', '0121915099', '0655675999', 'Pierre.Dubois@email.com', 6, 1),
	(17, 'Lemaire', 'Victor', '0176776486', '066335314', 'Victor.Lemaire@email.com', 9, 5),
	(18, 'Charpentier', 'David', '0166368696', '066001316', 'David.Charpentier@email.com', 2, 2),
	(19, 'Simon', 'Victor', '0118745619', '0647860010', 'Victor.Simon@email.com', 3, 3),
	(20, 'Michel', 'Victor', '0129252301', '0631166525', 'Victor.Michel@email.com', 8, 1),
	(21, 'Mathieu', 'John', '0146068602', '066066394', 'John.Mathieu@email.com', 4, 4),
	(22, 'Besson', 'Kathleen', '0122749857', '0693256116', 'Kathleen.Besson@email.com', 3, 3),
	(23, 'Gautier', 'Sophia', '0182943996', '0650113980', 'Sophia.Gautier@email.com', 3, 3),
	(24, 'Laporte', 'Victor', '0168047812', '0690991582', 'Victor.Laporte@email.com', 1, 1),
	(25, 'Henry', 'Théo', '018103039', '0656658095', 'Théo.Henry@email.com', 3, 3),
	(26, 'Garcia', 'Gaspard', '0130435628', '0654945545', 'Gaspard.Garcia@email.com', 3, 3),
	(27, 'Duval', 'Clara', '0196701764', '0644950175', 'Clara.Duval@email.com', 2, 2),
	(28, 'Marie', 'Henry', '0133610230', '0666579849', 'Henry.Marie@email.com', 7, 4),
	(29, 'Thomas', 'Emma', '0178174804', '0657350970', 'Emma.Thomas@email.com', 9, 5),
	(30, 'Charpentier', 'Robert', '018547506', '0671174503', 'Robert.Charpentier@email.com', 3, 3),
	(31, 'Perrin', 'Théo', '0111732722', '0623065678', 'Théo.Perrin@email.com', 3, 3),
	(32, 'Laporte', 'Charlotte', '013309633', '0620924898', 'Charlotte.Laporte@email.com', 2, 2),
	(33, 'Garcia', 'Angélique', '0168025806', '0633443567', 'Angélique.Garcia@email.com', 2, 2),
	(34, 'Rivière', 'Frank', '0179175647', '0617343344', 'Frank.Rivière@email.com', 7, 4),
	(35, 'Besson', 'Riley', 'null', '0611201496', 'Riley.Besson@email.com', 9, 5),
	(36, 'Dubois', 'Arthur', '0156929546', '0657961348', 'Arthur.Dubois@email.com', 3, 3),
	(37, 'Garcia', 'Wendie', 'null', '0658942303', 'Wendie.Garcia@email.com', 3, 3),
	(38, 'Rivière', 'Wendie', '0120198306', '0625624532', 'Wendie.Rivière@email.com', 5, 5),
	(39, 'Lemaire', 'Gabriel', '0139953954', '0686621045', 'Gabriel.Lemaire@email.com', 8, 1),
	(40, 'Charpentier', 'Emma', '0172923697', '0632206829', 'Emma.Charpentier@email.com', 10, 1),
	(41, 'Thomas', 'Sebastien', '0120161379', '0613898217', 'Sebastien.Thomas@email.com', 10, 1),
	(42, 'Noël', 'Quentin', '0115417228', '068054055', 'Quentin.Noël@email.com', 4, 4),
	(43, 'Lefebvre', 'Sebastien', '0132613782', '0628206909', 'Sebastien.Lefebvre@email.com', 10, 1),
	(44, 'Bernard', 'Isabella', '0144835900', '063847957', 'Isabella.Bernard@email.com', 1, 1),
	(45, 'Laurent', 'Kathleen', '0129434554', '0666434758', 'Kathleen.Laurent@email.com', 3, 3),
	(46, 'Duval', 'Adèle', '0115729120', '0696492849', 'Adèle.Duval@email.com', 2, 2),
	(47, 'Leroy', 'Kate', '0171113216', '0632726640', 'Kate.Leroy@email.com', 2, 2),
	(48, 'Fournier', 'Adèle', '0190384906', '067572644', 'Adèle.Fournier@email.com', 3, 3),
	(49, 'Rodriguez', 'Ursula', '0143697360', '0667577419', 'Ursula.Rodriguez@email.com', 3, 3),
	(50, 'Besson', 'Pierre', 'null', '0625416847', 'Pierre.Besson@email.com', 7, 4),
	(51, 'Laporte', 'David', '0126587925', '0674886408', 'David.Laporte@email.com', 3, 3),
	(52, 'Noël', 'Ludovic', '0135910650', '0685428065', 'Ludovic.Noël@email.com', 10, 1),
	(53, 'Dubois', 'Fred', '0148574796', '0698242398', 'Fred.Dubois@email.com', 5, 5),
	(54, 'Meyer', 'Paul', '0140318828', '06319479', 'Paul.Meyer@email.com', 7, 4),
	(55, 'Leroy', 'John', '01732051', '0628327780', 'John.Leroy@email.com', 7, 4),
	(56, 'Legrand', 'Sebastien', '0178137936', '0633146749', 'Sebastien.Legrand@email.com', 3, 3),
	(57, 'Roux', 'Bob', 'null', '0699794310', 'Bob.Roux@email.com', 5, 5),
	(58, 'Marie', 'Théo', '0192021983', '068245298', 'Théo.Marie@email.com', 3, 3),
	(59, 'Laporte', 'David', '0176075369', '0627552370', 'David.Laporte@email.com', 9, 5),
	(60, 'Simon', 'Quentin', '0125764092', '0618386140', 'Quentin.Simon@email.com', 7, 4),
	(61, 'Lemaire', 'Adèle', '0156681362', '0651044007', 'Adèle.Lemaire@email.com', 5, 5),
	(62, 'Richard', 'Mia', '0174602885', '061545471', 'Mia.Richard@email.com', 4, 4),
	(63, 'Noël', 'Frank', '0158587316', '0693393813', 'Frank.Noël@email.com', 5, 5),
	(64, 'Lacroix', 'Gina', '0133893036', '06712552', 'Gina.Lacroix@email.com', 5, 5),
	(65, 'Renaud', 'Gaspard', '0178219341', '0697476749', 'Gaspard.Renaud@email.com', 9, 5),
	(66, 'Roussel', 'Arthur', '0143543309', '061706044', 'Arthur.Roussel@email.com', 8, 1),
	(67, 'Dumont', 'Sebastien', 'null', '0616939950', 'Sebastien.Dumont@email.com', 9, 5),
	(68, 'Noël', 'Ludovic', '0117597701', '0665411205', 'Ludovic.Noël@email.com', 8, 1),
	(69, 'Roussel', 'Kate', '0149960091', '0610707183', 'Kate.Roussel@email.com', 2, 2),
	(70, 'Mathieu', 'Zachary', '0129377307', '0691381251', 'Zachary.Mathieu@email.com', 10, 1),
	(71, 'Thomas', 'Mia', '0195720202', '0696253660', 'Mia.Thomas@email.com', 7, 4),
	(72, 'Perrin', 'Xander', '0189700806', '0680116226', 'Xander.Perrin@email.com', 5, 5),
	(73, 'Gautier', 'Olivia', '0155774659', '0686403305', 'Olivia.Gautier@email.com', 7, 4),
	(74, 'Lacroix', 'Charlie', '0118712025', '0623998704', 'Charlie.Lacroix@email.com', 2, 2),
	(75, 'Richard', 'Emma', '0116069353', '0619668067', 'Emma.Richard@email.com', 4, 4),
	(76, 'Laporte', 'Mia', '0148910947', '0677474706', 'Mia.Laporte@email.com', 5, 5),
	(77, 'Leclercq', 'Théo', '0149880424', '0658248839', 'Théo.Leclercq@email.com', 3, 3),
	(78, 'Lefebvre', 'Fred', 'null', '066879360', 'Fred.Lefebvre@email.com', 2, 2),
	(79, 'Lemaire', 'Mia', 'null', '0657314723', 'Mia.Lemaire@email.com', 1, 1),
	(80, 'Leclercq', 'John', '0168577419', '0628377974', 'John.Leclercq@email.com', 7, 4),
	(81, 'Martin', 'Gina', '0171054965', '0624894700', 'Gina.Martin@email.com', 4, 4),
	(82, 'Morel', 'Isabella', '0136408288', '067491137', 'Isabella.Morel@email.com', 2, 2),
	(83, 'Gautier', 'Isabella', '0132962631', '0686108617', 'Isabella.Gautier@email.com', 1, 1),
	(84, 'Rivière', 'Charlie', '0188323675', '0674287284', 'Charlie.Rivière@email.com', 3, 3),
	(85, 'Charpentier', 'Célia', '0194242974', '0611436485', 'Célia.Charpentier@email.com', 8, 1),
	(86, 'Lecomte', 'Mia', '0162033', '0670920618', 'Mia.Lecomte@email.com', 3, 3),
	(87, 'Meyer', 'Xander', '0165717182', '0675582064', 'Xander.Meyer@email.com', 3, 3),
	(88, 'Marchand', 'Wendie', '0197158879', '0657734218', 'Wendie.Marchand@email.com', 9, 5),
	(89, 'Roux', 'Liam', '0139899913', '0671677392', 'Liam.Roux@email.com', 4, 4),
	(90, 'Girard', 'Quentin', '0197614329', '0699000851', 'Quentin.Girard@email.com', 3, 3),
	(91, 'Blanc', 'Wendie', '016655779', '061783648', 'Wendie.Blanc@email.com', 1, 1),
	(92, 'Duval', 'Paul', '0110801037', '069868628', 'Paul.Duval@email.com', 3, 3),
	(93, 'Mathieu', 'Zachary', '0166228034', '0642579853', 'Zachary.Mathieu@email.com', 9, 5),
	(94, 'Legrand', 'Gaspard', '0179068040', '0696949261', 'Gaspard.Legrand@email.com', 3, 3),
	(95, 'Morel', 'John', '0177157328', '0686275763', 'John.Morel@email.com', 9, 5),
	(96, 'Moreau', 'Paul', '0133831248', '0654212644', 'Paul.Moreau@email.com', 2, 2),
	(97, 'Dubois', 'Alice', '0132828558', '0680016304', 'Alice.Dubois@email.com', 2, 2),
	(98, 'Baron', 'Alice', '0132317259', '068548073', 'Alice.Baron@email.com', 3, 3),
	(99, 'Chevalier', 'Olivia', '0165274516', '0672288195', 'Olivia.Chevalier@email.com', 9, 5),
	(100, 'Perrin', 'John', '0180133027', '0687415940', 'John.Perrin@email.com', 10, 1),
	(101, 'Noël', 'Fred', '0150719014', '0615467594', 'Fred.Noël@email.com', 2, 2),
	(102, 'Dubois', 'Bob', '0151712341', '0660990779', 'Bob.Dubois@email.com', 2, 2),
	(103, 'Rodriguez', 'Riley', '0172367821', '0610116597', 'Riley.Rodriguez@email.com', 9, 5),
	(104, 'Legrand', 'Ursula', '0170505273', '0627831930', 'Ursula.Legrand@email.com', 3, 3),
	(105, 'Lecomte', 'Mia', '0173061551', '0623463864', 'Mia.Lecomte@email.com', 3, 3),
	(106, 'Dumont', 'Raphaël', '0125191453', '0672876607', 'Raphaël.Dumont@email.com', 8, 1),
	(107, 'Marchand', 'Emma', '0179420508', '0665537590', 'Emma.Marchand@email.com', 1, 1),
	(108, 'Garcia', 'Fred', '0161389857', '0649757579', 'Fred.Garcia@email.com', 5, 5),
	(109, 'Renaud', 'Manon', '0125853634', '0616782431', 'Manon.Renaud@email.com', 3, 3),
	(110, 'Charpentier', 'Thomas', '0124835', '0668822948', 'Thomas.Charpentier@email.com', 4, 4),
	(111, 'Fournier', 'Quentin', '0181529965', '0666858920', 'Quentin.Fournier@email.com', 5, 5),
	(112, 'Gautier', 'Yara', '0191229904', '0673691884', 'Yara.Gautier@email.com', 2, 2),
	(113, 'Michel', 'Victor', '0187210075', '0647800265', 'Victor.Michel@email.com', 10, 1),
	(114, 'Fernandez', 'Wendie', '0133544321', '0636104849', 'Wendie.Fernandez@email.com', 3, 3),
	(115, 'Lecomte', 'Isabella', '0153754030', '066263425', 'Isabella.Lecomte@email.com', 5, 5),
	(116, 'Roux', 'Gaspard', 'null', '0689001275', 'Gaspard.Roux@email.com', 8, 1),
	(117, 'Rodriguez', 'Paul', '0154135677', '0662641281', 'Paul.Rodriguez@email.com', 4, 4),
	(118, 'Noël', 'David', 'null', '0626638245', 'David.Noël@email.com', 5, 5),
	(119, 'Mercier', 'Raphaël', '0125249841', '0626804872', 'Raphaël.Mercier@email.com', 3, 3),
	(120, 'Leclercq', 'Gina', '0187352075', '0650631729', 'Gina.Leclercq@email.com', 4, 4),
	(121, 'Dubois', 'Charlie', '0130383198', '0681614402', 'Charlie.Dubois@email.com', 1, 1),
	(122, 'Lacroix', 'David', '0139733473', '068699800', 'David.Lacroix@email.com', 5, 5),
	(123, 'Lambert', 'Mia', '0163596961', '0647000680', 'Mia.Lambert@email.com', 8, 1),
	(124, 'Girard', 'Liam', '0124687634', '0628536715', 'Liam.Girard@email.com', 5, 5),
	(125, 'Blanc', 'Xander', '0116290756', '0658838166', 'Xander.Blanc@email.com', 3, 3),
	(126, 'Hubert', 'Manon', '0157861385', '0638000790', 'Manon.Hubert@email.com', 8, 1),
	(127, 'Charpentier', 'Célia', '0147094671', '0633524127', 'Célia.Charpentier@email.com', 2, 2),
	(128, 'Dubois', 'Théo', '011524552', '0679296872', 'Théo.Dubois@email.com', 5, 5),
	(129, 'Henry', 'Clara', '011724077', '0663737396', 'Clara.Henry@email.com', 5, 5),
	(130, 'Marie', 'Emma', '0177544514', '0622888114', 'Emma.Marie@email.com', 6, 1),
	(131, 'Leclercq', 'Xander', '0145005266', '0628100624', 'Xander.Leclercq@email.com', 5, 5),
	(132, 'Noël', 'Gabriel', '0128746648', '0612421787', 'Gabriel.Noël@email.com', 10, 1),
	(133, 'Garcia', 'Isabella', '0122912971', '0611826600', 'Isabella.Garcia@email.com', 2, 2),
	(134, 'Girard', 'Arthur', 'null', '0699794310', 'Arthur.Girard@email.com', 6, 1),
	(135, 'Girault', 'Robert', '0118230343', '0614517901', 'Robert.Girault@email.com', 2, 2),
	(136, 'Marchand', 'Victor', '0144731689', '0693996901', 'Victor.Marchand@email.com', 2, 2),
	(137, 'Morel', 'Angélique', '0185861809', '0689886548', 'Angélique.Morel@email.com', 9, 5),
	(138, 'Meyer', 'Emma', '013942160', '0673196033', 'Emma.Meyer@email.com', 1, 1),
	(139, 'Martin', 'Pierre', '0195158369', '0661753736', 'Pierre.Martin@email.com', 6, 1),
	(140, 'Robert', 'Alice', '0132112633', '0635783835', 'Alice.Robert@email.com', 2, 2),
	(141, 'Noël', 'Nathan', '0183675320', '0684754203', 'Nathan.Noël@email.com', 4, 4),
	(142, 'Besson', 'Yara', '0182400164', '069908086', 'Yara.Besson@email.com', 6, 1),
	(143, 'Meyer', 'Nathan', '0191033091', '0663441485', 'Nathan.Meyer@email.com', 10, 1),
	(144, 'Mercier', 'Yara', 'null', '0617715210', 'Yara.Mercier@email.com', 3, 3),
	(145, 'Rodriguez', 'Fred', '0190129500', '0688384894', 'Fred.Rodriguez@email.com', 4, 4),
	(146, 'Leclercq', 'Paul', '0112086961', '0689001066', 'Paul.Leclercq@email.com', 3, 3),
	(147, 'Bourgeois', 'Gaspard', '018570088', '0680243650', 'Gaspard.Bourgeois@email.com', 5, 5),
	(148, 'Moreau', 'Charlotte', '0128228677', '0636141924', 'Charlotte.Moreau@email.com', 9, 5),
	(149, 'Rodriguez', 'Frank', '0134247341', '0682751946', 'Frank.Rodriguez@email.com', 3, 3),
	(150, 'Gautier', 'Thomas', '0138447161', '0677123596', 'Thomas.Gautier@email.com', 3, 3),
	(151, 'Robert', 'Adèle', '018437787', '0684365688', 'Adèle.Robert@email.com', 2, 2),
	(152, 'Laporte', 'Quentin', 'null', '0691607232', 'Quentin.Laporte@email.com', 3, 3),
	(153, 'Hubert', 'Angélique', '0136931192', '0667983205', 'Angélique.Hubert@email.com', 3, 3),
	(154, 'Lefebvre', 'Sebastien', '0125800428', '0618523702', 'Sebastien.Lefebvre@email.com', 2, 2),
	(155, 'Dubois', 'John', '0185768234', '067516796', 'John.Dubois@email.com', 3, 3),
	(156, 'Michel', 'Isabella', '0147094671', '0651431936', 'Isabella.Michel@email.com', 10, 1),
	(157, 'Mercier', 'Gaspard', '0133482603', '0611551611', 'Gaspard.Mercier@email.com', 3, 3),
	(158, 'Chevalier', 'Charlotte', '0122449885', '0675514140', 'Charlotte.Chevalier@email.com', 8, 1),
	(159, 'Roussel', 'Clara', '0172096422', '067987199', 'Clara.Roussel@email.com', 10, 1),
	(160, 'Lacroix', 'John', '0114527803', '0651397824', 'John.Lacroix@email.com', 4, 4),
	(161, 'Girard', 'Ludovic', '0181597006', '0645187135', 'Ludovic.Girard@email.com', 2, 2),
	(162, 'Henry', 'Gina', 'null', '0636393901', 'Gina.Henry@email.com', 2, 2),
	(163, 'Fernandez', 'Victor', '015979005', '0667211786', 'Victor.Fernandez@email.com', 1, 1),
	(164, 'Fernandez', 'Henry', '0187913365', '0628160383', 'Henry.Fernandez@email.com', 2, 2),
	(165, 'Michel', 'Alice', 'null', '0638001', 'Alice.Michel@email.com', 3, 3),
	(166, 'Garcia', 'Zachary', '0176020008', '0630435701', 'Zachary.Garcia@email.com', 6, 1),
	(167, 'Brun', 'John', '0130972218', '0623598358', 'John.Brun@email.com', 2, 2),
	(168, 'Bernard', 'Sophia', '0127669803', '0622670630', 'Sophia.Bernard@email.com', 6, 1),
	(169, 'Rivière', 'Liam', '0173571446', '0623315376', 'Liam.Rivière@email.com', 8, 1),
	(170, 'Simon', 'Ludovic', '0133260263', '0617122164', 'Ludovic.Simon@email.com', 2, 2),
	(171, 'Laurent', 'Adèle', '0121006960', '0666650827', 'Adèle.Laurent@email.com', 3, 3),
	(172, 'Moreau', 'Henry', '01720812', '0625789803', 'Henry.Moreau@email.com', 4, 4),
	(173, 'Legrand', 'Wendie', '0189532512', '0633889692', 'Wendie.Legrand@email.com', 2, 2),
	(174, 'Meyer', 'Liam', '0187228473', '0615756797', 'Liam.Meyer@email.com', 7, 4),
	(175, 'Girard', 'Manon', '0177922947', '0610717876', 'Manon.Girard@email.com', 2, 2),
	(176, 'Brun', 'Riley', '013737138', '0658000971', 'Riley.Brun@email.com', 1, 1),
	(177, 'Marchand', 'Isabella', '0182104183', '0666762671', 'Isabella.Marchand@email.com', 9, 5),
	(178, 'Colin', 'Victor', '0177149405', '0684113674', 'Victor.Colin@email.com', 2, 2),
	(179, 'Simon', 'Clara', '0160980261', '0623385892', 'Clara.Simon@email.com', 9, 5),
	(180, 'Roussel', 'William', '0133050734', '0667128360', 'William.Roussel@email.com', 2, 2),
	(181, 'Hubert', 'William', '0126267075', '0652939754', 'William.Hubert@email.com', 3, 3),
	(182, 'Adam', 'Emma', '0170050947', '0666486169', 'Emma.Adam@email.com', 1, 1),
	(183, 'Robert', 'Célia', '011113350', '0666916095', 'Célia.Robert@email.com', 3, 3),
	(184, 'Petit', 'Paul', '0124663578', '0659733584', 'Paul.Petit@email.com', 4, 4),
	(185, 'Simon', 'Quentin', '0143732801', '0677884017', 'Quentin.Simon@email.com', 9, 5),
	(186, 'Robert', 'Angélique', '0129690079', '0629596891', 'Angélique.Robert@email.com', 3, 3),
	(187, 'Lambert', 'Charlotte', '0150788274', '0643682739', 'Charlotte.Lambert@email.com', 4, 4),
	(188, 'Dubois', 'Mia', '0196550815', '0696961430', 'Mia.Dubois@email.com', 4, 4),
	(189, 'Petit', 'Henry', '0179582814', '0654742474', 'Henry.Petit@email.com', 4, 4),
	(190, 'Noël', 'Emma', '0150486765', '0659887452', 'Emma.Noël@email.com', 8, 1),
	(191, 'Bourgeois', 'Ludovic', '0172007454', '0638670687', 'Ludovic.Bourgeois@email.com', 7, 4),
	(192, 'Mercier', 'Robert', '0129100750', '0641541839', 'Robert.Mercier@email.com', 4, 4),
	(193, 'Michel', 'Henry', '0152505954', '064232562', 'Henry.Michel@email.com', 1, 1),
	(194, 'Brun', 'William', '0177380580', '0659392795', 'William.Brun@email.com', 8, 1),
	(195, 'Baron', 'Théo', '0179309490', '0624110198', 'Théo.Baron@email.com', 7, 4),
	(196, 'Leclercq', 'Liam', '0147936250', '0632021002', 'Liam.Leclercq@email.com', 5, 5),
	(197, 'Bernard', 'Kate', '0187913365', '0694188372', 'Kate.Bernard@email.com', 7, 4),
	(198, 'Meyer', 'Clara', '0175677056', '0693477877', 'Clara.Meyer@email.com', 3, 3),
	(199, 'Dubois', 'Charlotte', '0134808755', '0693821040', 'Charlotte.Dubois@email.com', 9, 5),
	(200, 'Michel', 'Henry', 'null', '0635443022', 'Henry.Michel@email.com', 8, 1),
	(201, 'Richard', 'Riley', '0145706049', '0687022313', 'Riley.Richard@email.com', 3, 3),
	(202, 'Lecomte', 'Emma', '0140488522', '0674830786', 'Emma.Lecomte@email.com', 9, 5),
	(203, 'Marchand', 'Kate', '0133544321', '0613540346', 'Kate.Marchand@email.com', 5, 5),
	(204, 'Blanc', 'Henry', '0155681344', '0635485543', 'Henry.Blanc@email.com', 4, 4),
	(205, 'Mercier', 'Xander', '0149727410', '0648380012', 'Xander.Mercier@email.com', 5, 5),
	(206, 'Lemaire', 'Fred', '0178665380', '0641975360', 'Fred.Lemaire@email.com', 2, 2),
	(207, 'Marchand', 'Clara', '0122144967', '0688036115', 'Clara.Marchand@email.com', 7, 4),
	(208, 'Robert', 'Olivia', '0138325342', '0675996671', 'Olivia.Robert@email.com', 8, 1),
	(209, 'Roussel', 'Victor', '0118347122', '0625840202', 'Victor.Roussel@email.com', 9, 5),
	(210, 'Girault', 'Alice', '0126349642', '0677953798', 'Alice.Girault@email.com', 3, 3),
	(211, 'Morel', 'Zachary', 'null', '0673880415', 'Zachary.Morel@email.com', 3, 3),
	(212, 'Marchand', 'Gabriel', '0182925433', '0679718304', 'Gabriel.Marchand@email.com', 7, 4),
	(213, 'Meyer', 'Sebastien', '019527623', '0632616285', 'Sebastien.Meyer@email.com', 3, 3),
	(214, 'Renaud', 'Zachary', '0116323601', '0639302427', 'Zachary.Renaud@email.com', 7, 4),
	(215, 'Robert', 'Sebastien', '0120947218', '0660899781', 'Sebastien.Robert@email.com', 2, 2),
	(216, 'Laporte', 'Gabriel', '017502948', '065423327', 'Gabriel.Laporte@email.com', 4, 4),
	(217, 'Dumont', 'Kate', '0115352677', '0610901103', 'Kate.Dumont@email.com', 3, 3),
	(218, 'Mercier', 'Mia', '0177367852', '0660113121', 'Mia.Mercier@email.com', 6, 1),
	(219, 'Colin', 'Pierre', '0154593132', '0685122249', 'Pierre.Colin@email.com', 4, 4),
	(220, 'Lambert', 'Thomas', 'null', '0696353281', 'Thomas.Lambert@email.com', 5, 5),
	(221, 'Richard', 'Yara', '0169606983', '068924817', 'Yara.Richard@email.com', 7, 4),
	(222, 'Henry', 'Victor', '0158150824', '0693065392', 'Victor.Henry@email.com', 3, 3),
	(223, 'Legrand', 'Sophia', '0124614023', '0611667979', 'Sophia.Legrand@email.com', 9, 5),
	(224, 'Hubert', 'Victor', '018978982', '0684940538', 'Victor.Hubert@email.com', 4, 4),
	(225, 'Marchand', 'Yara', '0175552859', '0650942147', 'Yara.Marchand@email.com', 3, 3),
	(226, 'Colin', 'Gabriel', 'null', '0636005778', 'Gabriel.Colin@email.com', 7, 4),
	(227, 'Michel', 'Victor', 'null', '0621510144', 'Victor.Michel@email.com', 2, 2),
	(228, 'Marchand', 'Sebastien', '0182680128', '0670177163', 'Sebastien.Marchand@email.com', 2, 2),
	(229, 'Laporte', 'Victor', '0142073248', '0620442245', 'Victor.Laporte@email.com', 6, 1),
	(230, 'Leclercq', 'David', 'null', '0647618184', 'David.Leclercq@email.com', 7, 4),
	(231, 'Gautier', 'Emma', '0131107927', '0653852561', 'Emma.Gautier@email.com', 3, 3),
	(232, 'Martin', 'Riley', '0172552172', '0641208640', 'Riley.Martin@email.com', 6, 1),
	(233, 'Gautier', 'Bob', '0145885033', '0638670687', 'Bob.Gautier@email.com', 7, 4),
	(234, 'Roux', 'Liam', '011997880', '0696226663', 'Liam.Roux@email.com', 4, 4),
	(235, 'Rodriguez', 'Charlie', 'null', '0684222730', 'Charlie.Rodriguez@email.com', 5, 5),
	(236, 'Mercier', 'Quentin', '0119650735', '066515985', 'Quentin.Mercier@email.com', 2, 2),
	(237, 'Henry', 'Sophia', '0147261012', '0689720761', 'Sophia.Henry@email.com', 5, 5),
	(238, 'Girault', 'Victor', 'null', '0647179040', 'Victor.Girault@email.com', 10, 1),
	(239, 'Roussel', 'Kate', '0134621518', '0651651344', 'Kate.Roussel@email.com', 2, 2),
	(240, 'Lacroix', 'Yara', '0172857042', '0661172290', 'Yara.Lacroix@email.com', 8, 1),
	(241, 'Martin', 'Adèle', '0165918373', '0635804566', 'Adèle.Martin@email.com', 9, 5),
	(242, 'Meyer', 'Bob', '0134234623', '0643585463', 'Bob.Meyer@email.com', 3, 3),
	(243, 'Mathieu', 'Bob', '0126325458', '0613541128', 'Bob.Mathieu@email.com', 1, 1),
	(244, 'Simon', 'William', '0129578561', '0639188449', 'William.Simon@email.com', 9, 5),
	(245, 'Bernard', 'Mia', '0162964883', '0684990006', 'Mia.Bernard@email.com', 5, 5),
	(246, 'Meyer', 'Zachary', '0135283036', '0624345565', 'Zachary.Meyer@email.com', 8, 1),
	(247, 'Marie', 'Fred', '0164083203', '0674269209', 'Fred.Marie@email.com', 4, 4),
	(248, 'Gautier', 'Gina', '0168390179', '069811151', 'Gina.Gautier@email.com', 8, 1),
	(249, 'Fernandez', 'Zachary', 'null', '0685444454', 'Zachary.Fernandez@email.com', 5, 5),
	(250, 'Bourgeois', 'Olivia', '0183039831', '0637698611', 'Olivia.Bourgeois@email.com', 4, 4),
	(251, 'Robert', 'Sophia', '0147148022', '0689208484', 'Sophia.Robert@email.com', 3, 3),
	(252, 'Girard', 'Wendie', '0185445702', '0654736063', 'Wendie.Girard@email.com', 2, 2),
	(253, 'Richard', 'Zachary', '0195834988', '0661538071', 'Zachary.Richard@email.com', 8, 1),
	(254, 'Richard', 'Kathleen', '0152385400', '0634267170', 'Kathleen.Richard@email.com', 6, 1),
	(255, 'Perrin', 'Gabriel', '0170968473', '0648836325', 'Gabriel.Perrin@email.com', 8, 1),
	(256, 'Duval', 'Victor', '0142629992', '0645416066', 'Victor.Duval@email.com', 10, 1),
	(257, 'Marchand', 'Bob', '0191698002', '0639906172', 'Bob.Marchand@email.com', 2, 2),
	(258, 'Noël', 'Pierre', '0164816299', '0671396322', 'Pierre.Noël@email.com', 9, 5),
	(259, 'Richard', 'Thomas', '0132626770', '066475145', 'Thomas.Richard@email.com', 4, 4),
	(260, 'Hubert', 'Ludovic', 'null', '0626666574', 'Ludovic.Hubert@email.com', 5, 5),
	(261, 'Rivière', 'Manon', '0110155341', '0664759489', 'Manon.Rivière@email.com', 1, 1),
	(262, 'Roux', 'Fred', '0152765894', '061616505', 'Fred.Roux@email.com', 3, 3),
	(263, 'Laurent', 'John', 'null', '0642347107', 'John.Laurent@email.com', 7, 4),
	(264, 'Marie', 'Gina', '0163018120', '0699001740', 'Gina.Marie@email.com', 7, 4),
	(265, 'Morel', 'Arthur', '0177828569', '0669289571', 'Arthur.Morel@email.com', 2, 2),
	(266, 'Lecomte', 'Yara', '0193703718', '0637984308', 'Yara.Lecomte@email.com', 2, 2),
	(267, 'Baron', 'Victor', '0119097222', '0633173571', 'Victor.Baron@email.com', 1, 1),
	(268, 'Duval', 'Emma', '011478679', '0669710602', 'Emma.Duval@email.com', 6, 1),
	(269, 'Laurent', 'Kathleen', '0168148160', '0611715154', 'Kathleen.Laurent@email.com', 9, 5),
	(270, 'Leroy', 'Victor', '0117621659', '0643310844', 'Victor.Leroy@email.com', 3, 3),
	(271, 'Baron', 'Yara', '0153333573', '0688204440', 'Yara.Baron@email.com', 4, 4),
	(272, 'Lambert', 'Arthur', '0135232424', '0662129404', 'Arthur.Lambert@email.com', 7, 4),
	(273, 'Charpentier', 'Mia', '0172215694', '0610129116', 'Mia.Charpentier@email.com', 1, 1),
	(274, 'Bourgeois', 'Alice', '0132159396', '0641667547', 'Alice.Bourgeois@email.com', 9, 5),
	(275, 'Laporte', 'Olivia', '0121953153', '0662655489', 'Olivia.Laporte@email.com', 7, 4),
	(276, 'Thomas', 'Frank', '014988402', '0669503657', 'Frank.Thomas@email.com', 8, 1),
	(277, 'Duval', 'Bob', '0146900874', '0680016591', 'Bob.Duval@email.com', 5, 5),
	(278, 'Lemaire', 'Kathleen', '0180125454', '0621458621', 'Kathleen.Lemaire@email.com', 4, 4),
	(279, 'Baron', 'Charlotte', '0128109516', '0648380012', 'Charlotte.Baron@email.com', 2, 2),
	(280, 'Mathieu', 'Clara', '0116058828', '0618461883', 'Clara.Mathieu@email.com', 10, 1),
	(281, 'Adam', 'Célia', '0111149099', '0623638894', 'Célia.Adam@email.com', 2, 2),
	(282, 'Charpentier', 'Xander', '0179684304', '0622806855', 'Xander.Charpentier@email.com', 9, 5),
	(283, 'Rivière', 'Victor', '0156289038', '0675617435', 'Victor.Rivière@email.com', 8, 1),
	(284, 'Bernard', 'Bob', 'null', '06295487', 'Bob.Bernard@email.com', 4, 4),
	(285, 'Lacroix', 'John', '016481339', '0632258603', 'John.Lacroix@email.com', 4, 4),
	(286, 'Perrin', 'Nathan', '0192175550', '0653985655', 'Nathan.Perrin@email.com', 3, 3),
	(287, 'Charpentier', 'Yara', '0135651147', '0652808788', 'Yara.Charpentier@email.com', 7, 4),
	(288, 'Rodriguez', 'Raphaël', '0198863805', '0655210690', 'Raphaël.Rodriguez@email.com', 2, 2),
	(289, 'Roux', 'Théo', '0181457420', '0652973672', 'Théo.Roux@email.com', 7, 4),
	(290, 'Simon', 'Xander', '0170681818', '0636854190', 'Xander.Simon@email.com', 1, 1),
	(291, 'Brun', 'Kathleen', '0195731679', '0650813356', 'Kathleen.Brun@email.com', 4, 4),
	(292, 'Lemaire', 'Angélique', '016293946', '0666070700', 'Angélique.Lemaire@email.com', 2, 2),
	(293, 'Mercier', 'Victor', '0193912992', '0650382638', 'Victor.Mercier@email.com', 1, 1),
	(294, 'Roux', 'Zachary', 'null', '0697935018', 'Zachary.Roux@email.com', 4, 4),
	(295, 'Michel', 'Nathan', '0171406682', '0693228074', 'Nathan.Michel@email.com', 3, 3),
	(296, 'Michel', 'David', '0165200053', '0630131529', 'David.Michel@email.com', 1, 1),
	(297, 'Fournier', 'Sebastien', '015584767', '0696389174', 'Sebastien.Fournier@email.com', 4, 4),
	(298, 'Roux', 'Alice', '0166299445', '0616493853', 'Alice.Roux@email.com', 2, 2),
	(299, 'Moreau', 'Robert', '0121929298', '0647764622', 'Robert.Moreau@email.com', 5, 5),
	(300, 'Durand', 'John', '0121843501', '0692503441', 'John.Durand@email.com', 2, 2),
	(301, 'Moreau', 'Manon', '0175076516', '0632571685', 'Manon.Moreau@email.com', 3, 3),
	(302, 'Legrand', 'Robert', '0123902528', '0651720753', 'Robert.Legrand@email.com', 3, 3),
	(303, 'Hubert', 'Ursula', '019073469', '0661092302', 'Ursula.Hubert@email.com', 5, 5),
	(304, 'Michel', 'Charlie', '0135377945', '06939248', 'Charlie.Michel@email.com', 2, 2),
	(305, 'Bourgeois', 'Gina', '0110644421', '0641077104', 'Gina.Bourgeois@email.com', 7, 4),
	(306, 'Morel', 'Manon', '0142093181', '0699233120', 'Manon.Morel@email.com', 7, 4),
	(307, 'Besson', 'Bob', '0187617660', '0670633291', 'Bob.Besson@email.com', 3, 3),
	(308, 'Roux', 'Célia', '0110735121', '0697665841', 'Célia.Roux@email.com', 10, 1),
	(309, 'Blanc', 'Isabella', '0141198635', '0612053538', 'Isabella.Blanc@email.com', 4, 4),
	(310, 'Adam', 'Célia', 'null', '0678772701', 'Célia.Adam@email.com', 3, 3),
	(311, 'Bernard', 'Victor', '0112179443', '0610475664', 'Victor.Bernard@email.com', 3, 3),
	(312, 'Simon', 'Isabella', '0154236317', '0617556901', 'Isabella.Simon@email.com', 9, 5),
	(313, 'Mathieu', 'Zachary', '0126307936', '0644338815', 'Zachary.Mathieu@email.com', 9, 5),
	(314, 'Simon', 'William', '0183315298', '0667197745', 'William.Simon@email.com', 5, 5),
	(315, 'Fournier', 'Gina', '0162592242', '0641421941', 'Gina.Fournier@email.com', 3, 3),
	(316, 'Leroy', 'Gina', '0142514978', '0645335689', 'Gina.Leroy@email.com', 8, 1),
	(317, 'Mercier', 'Gabriel', '0182673665', '0655269361', 'Gabriel.Mercier@email.com', 9, 5),
	(318, 'Meyer', 'Nathan', 'null', '0635924975', 'Nathan.Meyer@email.com', 2, 2),
	(319, 'Perrin', 'Théo', '0135916019', '0699147060', 'Théo.Perrin@email.com', 9, 5),
	(320, 'Petit', 'Robert', '0123045357', '0632748642', 'Robert.Petit@email.com', 1, 1),
	(321, 'Perrin', 'Charlie', '0190487336', '0622344835', 'Charlie.Perrin@email.com', 3, 3),
	(322, 'Mercier', 'Nathan', '0134661990', '0643161115', 'Nathan.Mercier@email.com', 6, 1),
	(323, 'Hubert', 'Robert', '016845243', '0685351506', 'Robert.Hubert@email.com', 1, 1),
	(324, 'Petit', 'Manon', '0184243361', '0654477993', 'Manon.Petit@email.com', 3, 3),
	(325, 'Fournier', 'Clara', '014539122', '0651064308', 'Clara.Fournier@email.com', 8, 1),
	(326, 'Simon', 'Kathleen', '0164783607', '0611744046', 'Kathleen.Simon@email.com', 2, 2),
	(327, 'Lambert', 'Gina', '0162164241', '0626015999', 'Gina.Lambert@email.com', 10, 1),
	(328, 'Marchand', 'Kate', 'null', '0641486349', 'Kate.Marchand@email.com', 7, 4),
	(329, 'Mercier', 'David', '0187648107', '0613995383', 'David.Mercier@email.com', 3, 3),
	(330, 'Perrin', 'Arthur', '0160384345', '0650092877', 'Arthur.Perrin@email.com', 2, 2),
	(331, 'Gautier', 'Gaspard', '013556696', '0653470034', 'Gaspard.Gautier@email.com', 3, 3),
	(332, 'Noël', 'Angélique', '0194960936', '0630943124', 'Angélique.Noël@email.com', 5, 5),
	(333, 'Simon', 'Xander', '0149017520', '0614442411', 'Xander.Simon@email.com', 3, 3),
	(334, 'Dumont', 'Célia', '015995889', '0657589095', 'Célia.Dumont@email.com', 1, 1),
	(335, 'Rodriguez', 'Adèle', '0132863840', '0682220740', 'Adèle.Rodriguez@email.com', 6, 1),
	(336, 'Thomas', 'Xander', '0160580798', '0675214617', 'Xander.Thomas@email.com', 2, 2),
	(337, 'Mathieu', 'David', '0173772442', '0617474190', 'David.Mathieu@email.com', 6, 1),
	(338, 'Morel', 'Xander', '0126356841', '0615618873', 'Xander.Morel@email.com', 5, 5),
	(339, 'Charpentier', 'Victor', '0157623264', '062577123', 'Victor.Charpentier@email.com', 7, 4),
	(340, 'Blanc', 'Paul', '0184042020', '0628656280', 'Paul.Blanc@email.com', 9, 5),
	(341, 'Henry', 'Frank', '0134604869', '0624965581', 'Frank.Henry@email.com', 4, 4),
	(342, 'Fournier', 'Xander', '019649159', '0698491862', 'Xander.Fournier@email.com', 3, 3),
	(343, 'Laurent', 'Bob', '0130354026', '0662775205', 'Bob.Laurent@email.com', 3, 3),
	(344, 'Martin', 'Gaspard', '0178088055', '0693357211', 'Gaspard.Martin@email.com', 1, 1),
	(345, 'Leroy', 'Théo', '017646197', '0696291522', 'Théo.Leroy@email.com', 7, 4),
	(346, 'Dubois', 'Isabella', '0180367149', '0626012363', 'Isabella.Dubois@email.com', 9, 5),
	(347, 'Legrand', 'Fred', '0124890199', '0630546506', 'Fred.Legrand@email.com', 3, 3),
	(348, 'Colin', 'Wendie', 'null', '0620788878', 'Wendie.Colin@email.com', 10, 1),
	(349, 'Petit', 'Manon', 'null', '0644107162', 'Manon.Petit@email.com', 5, 5),
	(350, 'Hubert', 'Xander', '0165971647', '0687654699', 'Xander.Hubert@email.com', 2, 2),
	(351, 'Roux', 'Nathan', '0120703654', '0617566754', 'Nathan.Roux@email.com', 3, 3),
	(352, 'Girault', 'Fred', '0176363983', '0613726557', 'Fred.Girault@email.com', 5, 5),
	(353, 'Brun', 'Robert', '0137179096', '0611258022', 'Robert.Brun@email.com', 3, 3),
	(354, 'Michel', 'Bob', '0197824828', '0683231750', 'Bob.Michel@email.com', 7, 4),
	(355, 'Perrin', 'Angélique', '0132354012', '0676263882', 'Angélique.Perrin@email.com', 2, 2),
	(356, 'Thomas', 'Adèle', '0160343990', '062473973', 'Adèle.Thomas@email.com', 3, 3),
	(357, 'Lemaire', 'Ludovic', '0142898674', '0632867287', 'Ludovic.Lemaire@email.com', 3, 3),
	(358, 'Meyer', 'Raphaël', '0195315637', '0623480446', 'Raphaël.Meyer@email.com', 1, 1),
	(359, 'Henry', 'Clara', '0117691241', '0643283164', 'Clara.Henry@email.com', 3, 3),
	(360, 'Richard', 'Gabriel', '0128475174', '0639103696', 'Gabriel.Richard@email.com', 3, 3),
	(361, 'Leroy', 'Kathleen', '0161590196', '0692401298', 'Kathleen.Leroy@email.com', 3, 3),
	(362, 'Duval', 'John', '0111858616', '0617157763', 'John.Duval@email.com', 3, 3),
	(363, 'Thomas', 'Kate', '0115417228', '0661853852', 'Kate.Thomas@email.com', 10, 1),
	(364, 'Durand', 'Théo', '0129046547', '0611788908', 'Théo.Durand@email.com', 3, 3),
	(365, 'Michel', 'Fred', '0177514315', '063385723', 'Fred.Michel@email.com', 3, 3),
	(366, 'Martin', 'Sophia', '0180661643', '0676584197', 'Sophia.Martin@email.com', 3, 3),
	(367, 'Girault', 'David', '0142844652', '0614084027', 'David.Girault@email.com', 4, 4),
	(368, 'Colin', 'Xander', '0167740148', '0641879049', 'Xander.Colin@email.com', 3, 3),
	(369, 'Leroy', 'Célia', '0168263432', '0680785771', 'Célia.Leroy@email.com', 8, 1),
	(370, 'Dumont', 'William', '0136621070', '0626675178', 'William.Dumont@email.com', 6, 1),
	(371, 'Lefebvre', 'Thomas', '0177419576', '0641549369', 'Thomas.Lefebvre@email.com', 10, 1),
	(372, 'Marchand', 'Xander', '0117334311', '0668559858', 'Xander.Marchand@email.com', 7, 4),
	(373, 'Martin', 'Kathleen', '0178390065', '0620580547', 'Kathleen.Martin@email.com', 2, 2),
	(374, 'Henry', 'Manon', '0180430661', '0651289479', 'Manon.Henry@email.com', 9, 5),
	(375, 'Leroy', 'Henry', '0154454790', '064523651', 'Henry.Leroy@email.com', 8, 1),
	(376, 'Girard', 'Charlotte', 'null', '0673172812', 'Charlotte.Girard@email.com', 5, 5),
	(377, 'Baron', 'Nathan', 'null', '0676560060', 'Nathan.Baron@email.com', 9, 5),
	(378, 'Duval', 'Kate', '0151380034', '0683508389', 'Kate.Duval@email.com', 2, 2),
	(379, 'Dubois', 'Manon', '0154087461', '0642725042', 'Manon.Dubois@email.com', 3, 3),
	(380, 'Baron', 'Nathan', '0122419382', '0617348398', 'Nathan.Baron@email.com', 7, 4),
	(381, 'Morel', 'Frank', '0194261605', '0616541765', 'Frank.Morel@email.com', 3, 3),
	(382, 'Girard', 'Charlotte', '0166899969', '0627571921', 'Charlotte.Girard@email.com', 2, 2),
	(383, 'Roussel', 'Isabella', '0187656693', '0628732146', 'Isabella.Roussel@email.com', 7, 4),
	(384, 'Perrin', 'Charlie', '0199946719', '0633023783', 'Charlie.Perrin@email.com', 4, 4),
	(385, 'Legrand', 'Adèle', '0137166466', '061783648', 'Adèle.Legrand@email.com', 4, 4),
	(386, 'Lefebvre', 'Zachary', '0193796325', '0686355412', 'Zachary.Lefebvre@email.com', 5, 5),
	(387, 'Leroy', 'Ludovic', '0181575254', '0622890763', 'Ludovic.Leroy@email.com', 6, 1),
	(388, 'Martin', 'Quentin', 'null', '0672166531', 'Quentin.Martin@email.com', 6, 1),
	(389, 'Lefebvre', 'Frank', '0179524557', '0614818620', 'Frank.Lefebvre@email.com', 2, 2),
	(390, 'Thomas', 'Gabriel', '0171154781', '0618637396', 'Gabriel.Thomas@email.com', 4, 4),
	(391, 'Leroy', 'Mia', '0162980972', '0670767363', 'Mia.Leroy@email.com', 4, 4),
	(392, 'Marie', 'John', '0165981317', '0662518714', 'John.Marie@email.com', 2, 2),
	(393, 'Richard', 'Ursula', '0132390972', '0625410295', 'Ursula.Richard@email.com', 7, 4),
	(394, 'Mathieu', 'Xander', '0193914452', '0692816780', 'Xander.Mathieu@email.com', 8, 1),
	(395, 'Hubert', 'Nathan', '0133861908', '0699378927', 'Nathan.Hubert@email.com', 9, 5),
	(396, 'Petit', 'John', '0163775885', '0672246208', 'John.Petit@email.com', 7, 4),
	(397, 'Laporte', 'Thomas', '0164668887', '0638496762', 'Thomas.Laporte@email.com', 3, 3),
	(398, 'Renaud', 'Kate', '0145210465', '0659193347', 'Kate.Renaud@email.com', 6, 1),
	(399, 'Brun', 'Adèle', '0189295577', '0685856102', 'Adèle.Brun@email.com', 10, 1),
	(400, 'Legrand', 'Manon', '0180361295', '0656472859', 'Manon.Legrand@email.com', 3, 3),
	(401, 'Girault', 'Riley', '0142590913', '0684940538', 'Riley.Girault@email.com', 4, 4),
	(402, 'Dubois', 'Gaspard', 'null', '0628926716', 'Gaspard.Dubois@email.com', 8, 1),
	(403, 'Durand', 'Nathan', '0156762921', '067377046', 'Nathan.Durand@email.com', 5, 5),
	(404, 'Petit', 'Bob', 'null', '0644961870', 'Bob.Petit@email.com', 7, 4),
	(405, 'Marie', 'Pierre', '0136797609', '0694388703', 'Pierre.Marie@email.com', 4, 4),
	(406, 'Leroy', 'Clara', '0145648664', '0668823944', 'Clara.Leroy@email.com', 2, 2),
	(407, 'Besson', 'Quentin', '0146490667', '069740238', 'Quentin.Besson@email.com', 6, 1),
	(408, 'Blanc', 'Fred', '0151347738', '0661168160', 'Fred.Blanc@email.com', 7, 4),
	(409, 'Duval', 'Kathleen', '0144845445', '0638706096', 'Kathleen.Duval@email.com', 4, 4),
	(410, 'Bernard', 'Sebastien', '0185635297', '0627467030', 'Sebastien.Bernard@email.com', 8, 1),
	(411, 'Lefebvre', 'Sophia', '0158737994', '0646482018', 'Sophia.Lefebvre@email.com', 9, 5),
	(412, 'Thomas', 'Adèle', '0160384345', '0699181038', 'Adèle.Thomas@email.com', 5, 5),
	(413, 'Martin', 'David', '0160914527', '063059653', 'David.Martin@email.com', 2, 2),
	(414, 'Noël', 'Angélique', '0111385935', '0618359519', 'Angélique.Noël@email.com', 9, 5),
	(415, 'Gautier', 'Clara', '0160411287', '0618961824', 'Clara.Gautier@email.com', 3, 3),
	(416, 'Richard', 'Ursula', '0141209153', '0696017402', 'Ursula.Richard@email.com', 1, 1),
	(417, 'Lacroix', 'Frank', 'null', '0650289304', 'Frank.Lacroix@email.com', 6, 1),
	(418, 'Lefebvre', 'Isabella', '0128722227', '0698551414', 'Isabella.Lefebvre@email.com', 4, 4),
	(419, 'Legrand', 'Kate', '0191261777', '0659795072', 'Kate.Legrand@email.com', 4, 4),
	(420, 'Meyer', 'Charlotte', '0195972876', '0677526901', 'Charlotte.Meyer@email.com', 5, 5),
	(421, 'Leroy', 'Quentin', '0178227279', '0610657560', 'Quentin.Leroy@email.com', 8, 1),
	(422, 'Adam', 'Robert', '0120933605', '0676056081', 'Robert.Adam@email.com', 10, 1),
	(423, 'Adam', 'Sophia', '0157952410', '0677129524', 'Sophia.Adam@email.com', 6, 1),
	(424, 'Martin', 'John', '0153034749', '0660244625', 'John.Martin@email.com', 5, 5),
	(425, 'Bernard', 'Fred', '0193567263', '0621387017', 'Fred.Bernard@email.com', 2, 2),
	(426, 'Dubois', 'William', '0168537758', '0612034187', 'William.Dubois@email.com', 9, 5),
	(427, 'Roussel', 'Gina', '0172802881', '068308368', 'Gina.Roussel@email.com', 2, 2),
	(428, 'Rivière', 'Henry', '015796492', '0618640616', 'Henry.Rivière@email.com', 2, 2),
	(429, 'Leclercq', 'Kathleen', 'null', '0690726770', 'Kathleen.Leclercq@email.com', 5, 5),
	(430, 'Thomas', 'Fred', '0160813020', '0691455585', 'Fred.Thomas@email.com', 2, 2),
	(431, 'Blanc', 'Kathleen', '0116691663', '0632855648', 'Kathleen.Blanc@email.com', 5, 5),
	(432, 'Girault', 'John', '0178145050', '0685974399', 'John.Girault@email.com', 9, 5),
	(433, 'Blanc', 'Isabella', '0130188347', '066125214', 'Isabella.Blanc@email.com', 4, 4),
	(434, 'Brun', 'Paul', '0170097507', '0681510452', 'Paul.Brun@email.com', 4, 4),
	(435, 'Noël', 'Angélique', '0139891131', '0664949360', 'Angélique.Noël@email.com', 2, 2),
	(436, 'Meyer', 'Célia', '0157714406', '0619040818', 'Célia.Meyer@email.com', 5, 5),
	(437, 'Leroy', 'Kathleen', '0172552172', '0621737572', 'Kathleen.Leroy@email.com', 4, 4),
	(438, 'Roux', 'Raphaël', '017276117', '0659682649', 'Raphaël.Roux@email.com', 3, 3),
	(439, 'Bernard', 'Adèle', '0166019925', '0621045768', 'Adèle.Bernard@email.com', 8, 1),
	(440, 'Morel', 'Xander', '0132734161', '0649797902', 'Xander.Morel@email.com', 4, 4),
	(441, 'Renaud', 'Liam', '0167633942', '0676155095', 'Liam.Renaud@email.com', 4, 4),
	(442, 'Legrand', 'David', '0173926707', '0639054237', 'David.Legrand@email.com', 2, 2),
	(443, 'Marie', 'Zachary', 'null', '063887323', 'Zachary.Marie@email.com', 9, 5),
	(444, 'Legrand', 'Bob', '0122449885', '0685515307', 'Bob.Legrand@email.com', 5, 5),
	(445, 'Leclercq', 'William', '0128109516', '0625967206', 'William.Leclercq@email.com', 3, 3),
	(446, 'Fournier', 'Théo', '0122458494', '0620984552', 'Théo.Fournier@email.com', 7, 4),
	(447, 'Garcia', 'Arthur', '0117876493', '0645146571', 'Arthur.Garcia@email.com', 10, 1),
	(448, 'Lemaire', 'Sebastien', 'null', '068595466', 'Sebastien.Lemaire@email.com', 2, 2),
	(449, 'Lacroix', 'Riley', 'null', '0666425440', 'Riley.Lacroix@email.com', 6, 1),
	(450, 'Lambert', 'Charlotte', '0173105090', '0651036821', 'Charlotte.Lambert@email.com', 1, 1),
	(451, 'Rivière', 'Quentin', '016399689', '0690385862', 'Quentin.Rivière@email.com', 5, 5),
	(452, 'Rodriguez', 'Adèle', '0119541838', '0652380574', 'Adèle.Rodriguez@email.com', 3, 3),
	(453, 'Robert', 'Arthur', '012889996', '0612679344', 'Arthur.Robert@email.com', 9, 5),
	(454, 'Mathieu', 'John', '0172268755', '0628834413', 'John.Mathieu@email.com', 4, 4),
	(455, 'Lambert', 'Thomas', '0150546507', '061616505', 'Thomas.Lambert@email.com', 3, 3),
	(456, 'Richard', 'Gabriel', '0121307884', '0617729957', 'Gabriel.Richard@email.com', 3, 3),
	(457, 'Henry', 'Théo', '0193983228', '069386778', 'Théo.Henry@email.com', 2, 2),
	(458, 'Duval', 'Victor', '0173713362', '0625262699', 'Victor.Duval@email.com', 1, 1),
	(459, 'Colin', 'Fred', '0165201003', '0659629041', 'Fred.Colin@email.com', 2, 2),
	(460, 'Colin', 'Olivia', '0176805362', '066884203', 'Olivia.Colin@email.com', 2, 2),
	(461, 'Perrin', 'Henry', '0181319789', '0692150852', 'Henry.Perrin@email.com', 4, 4),
	(462, 'Lefebvre', 'Wendie', 'null', '0695112869', 'Wendie.Lefebvre@email.com', 5, 5),
	(463, 'Blanc', 'Sophia', '0192463661', '065890854', 'Sophia.Blanc@email.com', 2, 2),
	(464, 'Leroy', 'Henry', '0166043723', '0687629476', 'Henry.Leroy@email.com', 2, 2),
	(465, 'Noël', 'Frank', 'null', '067182565', 'Frank.Noël@email.com', 2, 2),
	(466, 'Chevalier', 'William', '0174305026', '0617285901', 'William.Chevalier@email.com', 7, 4),
	(467, 'Mathieu', 'Bob', '0164061722', '0655619696', 'Bob.Mathieu@email.com', 2, 2),
	(468, 'Renaud', 'Fred', '0128920038', '0611788908', 'Fred.Renaud@email.com', 5, 5),
	(469, 'Thomas', 'Charlie', '0184191983', '0672133962', 'Charlie.Thomas@email.com', 2, 2),
	(470, 'Bernard', 'Théo', '0148675124', '0694330472', 'Théo.Bernard@email.com', 4, 4),
	(471, 'Perrin', 'Olivia', '0189451867', '0658804092', 'Olivia.Perrin@email.com', 8, 1),
	(472, 'Hubert', 'Frank', '0112695518', '0618336355', 'Frank.Hubert@email.com', 3, 3),
	(473, 'Robert', 'Victor', '0165493696', '0621270334', 'Victor.Robert@email.com', 8, 1),
	(474, 'Martin', 'Kate', '0183176857', '0654339811', 'Kate.Martin@email.com', 7, 4),
	(475, 'Lambert', 'Clara', '0117593673', '0668002004', 'Clara.Lambert@email.com', 4, 4),
	(476, 'Rodriguez', 'David', '0181309903', '061654715', 'David.Rodriguez@email.com', 4, 4),
	(477, 'Girard', 'William', '01388719', '0697042736', 'William.Girard@email.com', 9, 5),
	(478, 'Garcia', 'Mia', '0111567313', '0670960861', 'Mia.Garcia@email.com', 3, 3),
	(479, 'Dubois', 'Emma', '0176206222', '0699660070', 'Emma.Dubois@email.com', 1, 1),
	(480, 'Petit', 'Alice', '015966890', '0637148241', 'Alice.Petit@email.com', 9, 5),
	(481, 'Rodriguez', 'Robert', '0155371339', '0685162689', 'Robert.Rodriguez@email.com', 3, 3),
	(482, 'Meyer', 'Mia', '0180762981', '0641589963', 'Mia.Meyer@email.com', 2, 2),
	(483, 'Henry', 'Isabella', '0165063040', '0635968305', 'Isabella.Henry@email.com', 3, 3),
	(484, 'Fernandez', 'Zachary', '0143202920', '0641558313', 'Zachary.Fernandez@email.com', 4, 4),
	(485, 'Roussel', 'Quentin', '0179500826', '0697486381', 'Quentin.Roussel@email.com', 9, 5),
	(486, 'Renaud', 'Célia', '0199913160', '0611273593', 'Célia.Renaud@email.com', 6, 1),
	(487, 'Adam', 'Isabella', '0159186631', '0683210361', 'Isabella.Adam@email.com', 3, 3),
	(488, 'Gautier', 'William', '0166208237', '0676603812', 'William.Gautier@email.com', 2, 2),
	(489, 'Gautier', 'Gaspard', '0199224922', '0610731320', 'Gaspard.Gautier@email.com', 2, 2),
	(490, 'Besson', 'Théo', '0165995620', '0668383946', 'Théo.Besson@email.com', 7, 4),
	(491, 'Robert', 'Liam', '0195945796', '0680840075', 'Liam.Robert@email.com', 6, 1),
	(492, 'Mathieu', 'Quentin', 'null', '068315709', 'Quentin.Mathieu@email.com', 3, 3),
	(493, 'Charpentier', 'Angélique', '0151410213', '0621581212', 'Angélique.Charpentier@email.com', 2, 2),
	(494, 'Brun', 'Isabella', '0128300243', '0685629228', 'Isabella.Brun@email.com', 2, 2),
	(495, 'Petit', 'Célia', '0117850286', '0693800952', 'Célia.Petit@email.com', 3, 3),
	(496, 'Besson', 'Adèle', '019206348', '0641991265', 'Adèle.Besson@email.com', 5, 5),
	(497, 'Perrin', 'Gabriel', '0186296733', '0616130930', 'Gabriel.Perrin@email.com', 3, 3),
	(498, 'Simon', 'Liam', '019525816', '0698716366', 'Liam.Simon@email.com', 5, 5),
	(499, 'Lefebvre', 'Zachary', '0176917687', '0694017648', 'Zachary.Lefebvre@email.com', 4, 4),
	(500, 'Leclercq', 'Alice', '0114845725', '0693393813', 'Alice.Leclercq@email.com', 9, 5),
	(501, 'Henry', 'Bob', '0181670501', '0699239296', 'Bob.Henry@email.com', 7, 4),
	(502, 'Fournier', 'Victor', '0128867202', '0685893621', 'Victor.Fournier@email.com', 4, 4),
	(503, 'Roux', 'John', '0144510019', '0622162026', 'John.Roux@email.com', 3, 3),
	(504, 'Lecomte', 'David', '0142383346', '069840209', 'David.Lecomte@email.com', 4, 4),
	(505, 'Bernard', 'Bob', '0119649721', '0614102343', 'Bob.Bernard@email.com', 10, 1),
	(506, 'Laporte', 'Isabella', '0175938488', '0635236560', 'Isabella.Laporte@email.com', 5, 5),
	(507, 'Gautier', 'Manon', '0146112405', '0630123609', 'Manon.Gautier@email.com', 3, 3),
	(508, 'Gautier', 'Kathleen', '0146779117', '0666457360', 'Kathleen.Gautier@email.com', 3, 3),
	(509, 'Legrand', 'Angélique', 'null', '0639681388', 'Angélique.Legrand@email.com', 8, 1),
	(510, 'Garcia', 'Raphaël', '0196528070', '0690679082', 'Raphaël.Garcia@email.com', 10, 1),
	(511, 'Adam', 'Gabriel', '012525629', '0689578091', 'Gabriel.Adam@email.com', 6, 1),
	(512, 'Leroy', 'Arthur', '0155646575', '0641609381', 'Arthur.Leroy@email.com', 7, 4),
	(513, 'Chevalier', 'Emma', '0125644258', '0674408503', 'Emma.Chevalier@email.com', 4, 4),
	(514, 'Roussel', 'Sophia', '0116029494', '0672956257', 'Sophia.Roussel@email.com', 4, 4),
	(515, 'Lemaire', 'Gina', '0196546278', '0675636059', 'Gina.Lemaire@email.com', 5, 5),
	(516, 'Girard', 'Fred', '011272656', '0651044007', 'Fred.Girard@email.com', 3, 3),
	(517, 'Besson', 'Nathan', '0150486765', '0690321956', 'Nathan.Besson@email.com', 3, 3),
	(518, 'Bernard', 'Robert', '0168675463', '0627571921', 'Robert.Bernard@email.com', 2, 2),
	(519, 'Girault', 'Gaspard', '0192577940', '0691923430', 'Gaspard.Girault@email.com', 3, 3),
	(520, 'Bernard', 'Quentin', '0195245740', '0676770050', 'Quentin.Bernard@email.com', 4, 4),
	(521, 'Richard', 'Isabella', '0177490361', '0676366896', 'Isabella.Richard@email.com', 8, 1),
	(522, 'Lacroix', 'Thomas', '0142634992', '0658912777', 'Thomas.Lacroix@email.com', 3, 3),
	(523, 'Baron', 'Célia', '0131359321', '0629971263', 'Célia.Baron@email.com', 5, 5),
	(524, 'Lecomte', 'Kate', '0171525052', '0651238994', 'Kate.Lecomte@email.com', 9, 5),
	(525, 'Laporte', 'Charlie', '0165817366', '0635038320', 'Charlie.Laporte@email.com', 2, 2),
	(526, 'Hubert', 'Charlie', '0150804753', '0684687959', 'Charlie.Hubert@email.com', 8, 1),
	(527, 'Bernard', 'Victor', '0143233776', '068765579', 'Victor.Bernard@email.com', 9, 5),
	(528, 'Robert', 'Bob', '0127857946', '0675611006', 'Bob.Robert@email.com', 10, 1),
	(529, 'Noël', 'Quentin', '0132248218', '0628347690', 'Quentin.Noël@email.com', 9, 5),
	(530, 'Brun', 'Mia', 'null', '0621237549', 'Mia.Brun@email.com', 3, 3),
	(531, 'Dubois', 'Paul', '0116705867', '0637007109', 'Paul.Dubois@email.com', 9, 5),
	(532, 'Fournier', 'Xander', '0135651147', '0688986928', 'Xander.Fournier@email.com', 7, 4),
	(533, 'Renaud', 'John', '0137689655', '0658134473', 'John.Renaud@email.com', 3, 3),
	(534, 'Brun', 'Robert', '0138633608', '0671252869', 'Robert.Brun@email.com', 3, 3),
	(535, 'Legrand', 'Pierre', '0197265716', '0656381127', 'Pierre.Legrand@email.com', 4, 4),
	(536, 'Girard', 'Sebastien', '0163155109', '0622762127', 'Sebastien.Girard@email.com', 3, 3),
	(537, 'Renaud', 'Wendie', '0125444342', '0641186867', 'Wendie.Renaud@email.com', 8, 1),
	(538, 'Morel', 'Riley', '0190843530', '0688977062', 'Riley.Morel@email.com', 9, 5),
	(539, 'Roussel', 'Yara', '0147597670', '068922718', 'Yara.Roussel@email.com', 7, 4),
	(540, 'Roux', 'Wendie', '0114860073', '0687242604', 'Wendie.Roux@email.com', 9, 5),
	(541, 'Thomas', 'Liam', '0146548817', '0646864744', 'Liam.Thomas@email.com', 2, 2),
	(542, 'Laporte', 'Gabriel', '0181048919', '0639054237', 'Gabriel.Laporte@email.com', 1, 1),
	(543, 'Besson', 'Yara', '0180527292', '0632470279', 'Yara.Besson@email.com', 1, 1),
	(544, 'Bernard', 'Xander', '0178491662', '0680785771', 'Xander.Bernard@email.com', 2, 2),
	(545, 'Fernandez', 'Frank', 'null', '0635639361', 'Frank.Fernandez@email.com', 6, 1),
	(546, 'Renaud', 'Yara', '0179869979', '0678097790', 'Yara.Renaud@email.com', 10, 1),
	(547, 'Bernard', 'Alice', '0124966753', '0616799810', 'Alice.Bernard@email.com', 3, 3),
	(548, 'Leroy', 'Thomas', '0129842565', '0613229009', 'Thomas.Leroy@email.com', 9, 5),
	(549, 'Perrin', 'Isabella', '0165337956', '063877924', 'Isabella.Perrin@email.com', 6, 1),
	(550, 'Morel', 'Charlotte', '0197998565', '0629382973', 'Charlotte.Morel@email.com', 5, 5),
	(551, 'Dumont', 'Alice', '0170674698', '0616814467', 'Alice.Dumont@email.com', 1, 1),
	(552, 'Robert', 'Zachary', '0116431032', '0660779686', 'Zachary.Robert@email.com', 2, 2),
	(553, 'Thomas', 'Robert', '0177754938', '0695510382', 'Robert.Thomas@email.com', 5, 5),
	(554, 'Charpentier', 'Gina', '0170968473', '0656119741', 'Gina.Charpentier@email.com', 8, 1),
	(555, 'Robert', 'Quentin', 'null', '0616717065', 'Quentin.Robert@email.com', 3, 3),
	(556, 'Duval', 'Riley', '0153045347', '0621407274', 'Riley.Duval@email.com', 2, 2),
	(557, 'Fournier', 'Olivia', 'null', '0673745114', 'Olivia.Fournier@email.com', 2, 2),
	(558, 'Marie', 'Paul', '0113480569', '0642326316', 'Paul.Marie@email.com', 2, 2),
	(559, 'Thomas', 'Gaspard', '0196484039', '062142349', 'Gaspard.Thomas@email.com', 8, 1),
	(560, 'Michel', 'David', '0157620211', '0682598880', 'David.Michel@email.com', 2, 2),
	(561, 'Renaud', 'John', '0164744493', '0669979746', 'John.Renaud@email.com', 2, 2),
	(562, 'Moreau', 'Célia', '0195955597', '067802796', 'Célia.Moreau@email.com', 2, 2),
	(563, 'Adam', 'Manon', '0119672924', '0683380735', 'Manon.Adam@email.com', 3, 3),
	(564, 'Charpentier', 'Victor', '0171166377', '0646582912', 'Victor.Charpentier@email.com', 8, 1),
	(565, 'Rivière', 'Manon', '0141077900', '0690538612', 'Manon.Rivière@email.com', 2, 2),
	(566, 'Robert', 'Xander', '0118783598', '0610116597', 'Xander.Robert@email.com', 10, 1),
	(567, 'Thomas', 'Zachary', '0131287992', '0684385534', 'Zachary.Thomas@email.com', 6, 1),
	(568, 'Lacroix', 'Angélique', '0145458229', '0617318844', 'Angélique.Lacroix@email.com', 3, 3),
	(569, 'Dubois', 'William', '0152564025', '0685541092', 'William.Dubois@email.com', 2, 2),
	(570, 'Robert', 'Isabella', '0128746648', '0613524143', 'Isabella.Robert@email.com', 10, 1),
	(571, 'Thomas', 'Kate', '0114541238', '0624994935', 'Kate.Thomas@email.com', 5, 5),
	(572, 'Baron', 'Olivia', '0149945626', '0621128370', 'Olivia.Baron@email.com', 2, 2),
	(573, 'Roussel', 'Quentin', '0164716848', '0661741525', 'Quentin.Roussel@email.com', 3, 3),
	(574, 'Noël', 'Olivia', '0129457608', '0699861599', 'Olivia.Noël@email.com', 5, 5),
	(575, 'Henry', 'Célia', '0163076377', '0669071164', 'Célia.Henry@email.com', 2, 2),
	(576, 'Fournier', 'Théo', '0175425689', '0664581703', 'Théo.Fournier@email.com', 5, 5),
	(577, 'Brun', 'Fred', '0179638616', '0673550031', 'Fred.Brun@email.com', 3, 3),
	(578, 'Lemaire', 'Yara', '0154236317', '067516796', 'Yara.Lemaire@email.com', 2, 2),
	(579, 'Henry', 'Pierre', '0119551486', '0677005410', 'Pierre.Henry@email.com', 3, 3),
	(580, 'Laporte', 'Manon', '0189993151', '0654619223', 'Manon.Laporte@email.com', 3, 3),
	(581, 'Charpentier', 'Liam', '0157237266', '0663876763', 'Liam.Charpentier@email.com', 2, 2),
	(582, 'Mathieu', 'John', '017444070', '0611636643', 'John.Mathieu@email.com', 1, 1),
	(583, 'Hubert', 'Xander', '0186710656', '063610607', 'Xander.Hubert@email.com', 2, 2),
	(584, 'Robert', 'Henry', '0189613356', '0645876062', 'Henry.Robert@email.com', 4, 4),
	(585, 'Laurent', 'Théo', '019606988', '0611516318', 'Théo.Laurent@email.com', 6, 1),
	(586, 'Roux', 'Kathleen', '0186604725', '0696738342', 'Kathleen.Roux@email.com', 3, 3),
	(587, 'Chevalier', 'Clara', '0187436340', '0627243962', 'Clara.Chevalier@email.com', 8, 1),
	(588, 'Blanc', 'Angélique', 'null', '0693356751', 'Angélique.Blanc@email.com', 3, 3),
	(589, 'Mercier', 'Kate', '0133831248', '0681671960', 'Kate.Mercier@email.com', 7, 4),
	(590, 'Girault', 'David', '0178181101', '0695112869', 'David.Girault@email.com', 9, 5),
	(591, 'Rivière', 'Ursula', '0156590125', '0622752231', 'Ursula.Rivière@email.com', 2, 2),
	(592, 'Mercier', 'Frank', '0151725316', '0621674640', 'Frank.Mercier@email.com', 7, 4),
	(593, 'Hubert', 'Célia', '0187343446', '0690496090', 'Célia.Hubert@email.com', 4, 4),
	(594, 'Chevalier', 'Angélique', '0129043745', '066623379', 'Angélique.Chevalier@email.com', 2, 2),
	(595, 'Perrin', 'Isabella', '0198128020', '0695060366', 'Isabella.Perrin@email.com', 1, 1),
	(596, 'Fournier', 'Ursula', '0190404774', '0664112011', 'Ursula.Fournier@email.com', 7, 4),
	(597, 'Richard', 'Yara', '0194229593', '0687511801', 'Yara.Richard@email.com', 3, 3),
	(598, 'Michel', 'Riley', '0112599202', '0689663731', 'Riley.Michel@email.com', 3, 3),
	(599, 'Chevalier', 'John', '0173970287', '0642205566', 'John.Chevalier@email.com', 9, 5),
	(600, 'Bernard', 'Victor', '0187506479', '0636601844', 'Victor.Bernard@email.com', 2, 2),
	(601, 'Laurent', 'Xander', 'null', '063386224', 'Xander.Laurent@email.com', 2, 2),
	(602, 'Moreau', 'Fred', '0169444684', '0638737640', 'Fred.Moreau@email.com', 4, 4),
	(603, 'Leclercq', 'Thomas', '0132673160', '0653803859', 'Thomas.Leclercq@email.com', 9, 5),
	(604, 'Lefebvre', 'Adèle', '018654401', '0633146749', 'Adèle.Lefebvre@email.com', 3, 3),
	(605, 'Laporte', 'Thomas', '0144874161', '0641177501', 'Thomas.Laporte@email.com', 3, 3),
	(606, 'Henry', 'Ursula', '013956826', '0629550099', 'Ursula.Henry@email.com', 9, 5),
	(607, 'Bernard', 'Olivia', '0166465471', '0641281030', 'Olivia.Bernard@email.com', 6, 1),
	(608, 'Charpentier', 'Clara', '0173855881', '0696626704', 'Clara.Charpentier@email.com', 2, 2),
	(609, 'Adam', 'Olivia', 'null', '0629483347', 'Olivia.Adam@email.com', 4, 4),
	(610, 'Roussel', 'Adèle', '0182673665', '0639307178', 'Adèle.Roussel@email.com', 9, 5),
	(611, 'Marchand', 'Gaspard', '0146065497', '0672348005', 'Gaspard.Marchand@email.com', 3, 3),
	(612, 'Dumont', 'Liam', '0127324653', '0633637708', 'Liam.Dumont@email.com', 7, 4),
	(613, 'Leclercq', 'Arthur', '0188693696', '0687096563', 'Arthur.Leclercq@email.com', 9, 5),
	(614, 'Duval', 'William', '0135377945', '0686293958', 'William.Duval@email.com', 8, 1),
	(615, 'Chevalier', 'Charlotte', 'null', '0651238994', 'Charlotte.Chevalier@email.com', 5, 5),
	(616, 'Mathieu', 'Alice', '0123748174', '0654119030', 'Alice.Mathieu@email.com', 5, 5),
	(617, 'Lemaire', 'Sebastien', '0122854726', '0635363696', 'Sebastien.Lemaire@email.com', 3, 3),
	(618, 'Hubert', 'Adèle', '0185768234', '0624077561', 'Adèle.Hubert@email.com', 5, 5),
	(619, 'Lemaire', 'Olivia', '0173628598', '0669308678', 'Olivia.Lemaire@email.com', 2, 2),
	(620, 'Marie', 'Gabriel', '0133946996', '0644321941', 'Gabriel.Marie@email.com', 5, 5),
	(621, 'Lecomte', 'Gabriel', '0150435969', '0642417885', 'Gabriel.Lecomte@email.com', 3, 3),
	(622, 'Blanc', 'Sebastien', '0118763253', '0697956996', 'Sebastien.Blanc@email.com', 4, 4),
	(623, 'Girard', 'Angélique', '0126349642', '0631412973', 'Angélique.Girard@email.com', 7, 4),
	(624, 'Fernandez', 'Arthur', '0183762202', '0682014104', 'Arthur.Fernandez@email.com', 3, 3),
	(625, 'Dumont', 'Gaspard', '0123566099', '068305556', 'Gaspard.Dumont@email.com', 2, 2),
	(626, 'Girault', 'Riley', '0129965661', '06347341', 'Riley.Girault@email.com', 2, 2),
	(627, 'Roux', 'Yara', '0144563750', '0621625077', 'Yara.Roux@email.com', 5, 5),
	(628, 'Hubert', 'Olivia', 'null', '068699800', 'Olivia.Hubert@email.com', 3, 3),
	(629, 'Chevalier', 'Mia', '0130551086', '0631556715', 'Mia.Chevalier@email.com', 7, 4),
	(630, 'Brun', 'Charlotte', '0177149405', '0670270630', 'Charlotte.Brun@email.com', 2, 2),
	(631, 'Bourgeois', 'Arthur', '0133238720', '0668047724', 'Arthur.Bourgeois@email.com', 3, 3),
	(632, 'Colin', 'Yara', '0187985058', '0628660818', 'Yara.Colin@email.com', 3, 3),
	(633, 'Bourgeois', 'Sophia', '0199057441', '0698242398', 'Sophia.Bourgeois@email.com', 3, 3),
	(634, 'Meyer', 'Alice', '0182342573', '068161405', 'Alice.Meyer@email.com', 4, 4),
	(635, 'Rodriguez', 'Célia', '0183423312', '0697900294', 'Célia.Rodriguez@email.com', 7, 4),
	(636, 'Meyer', 'Emma', '0150233767', '0635636076', 'Emma.Meyer@email.com', 3, 3),
	(637, 'Hubert', 'John', '019083744', '0612444217', 'John.Hubert@email.com', 3, 3),
	(638, 'Dumont', 'Quentin', '0176391148', '0621663043', 'Quentin.Dumont@email.com', 9, 5),
	(639, 'Robert', 'Kathleen', '0140723693', '0655870353', 'Kathleen.Robert@email.com', 6, 1),
	(640, 'Lemaire', 'Zachary', '0138836002', '0633416176', 'Zachary.Lemaire@email.com', 3, 3),
	(641, 'Leclercq', 'Charlie', '0183350241', '0640085923', 'Charlie.Leclercq@email.com', 8, 1),
	(642, 'Fournier', 'Raphaël', '0126889495', '0619563851', 'Raphaël.Fournier@email.com', 5, 5),
	(643, 'Robert', 'Robert', '0132791937', '0650261473', 'Robert.Robert@email.com', 5, 5),
	(644, 'Moreau', 'Paul', '0150804203', '0642119097', 'Paul.Moreau@email.com', 7, 4),
	(645, 'Durand', 'Nathan', '0169322101', '0660183611', 'Nathan.Durand@email.com', 10, 1),
	(646, 'Leroy', 'Robert', '0192194464', '0618635256', 'Robert.Leroy@email.com', 4, 4),
	(647, 'Fernandez', 'Frank', '0138836002', '0654908610', 'Frank.Fernandez@email.com', 5, 5),
	(648, 'Simon', 'Gina', '0187343446', '0642391460', 'Gina.Simon@email.com', 3, 3),
	(649, 'Rivière', 'Fred', '0147208610', '0643016737', 'Fred.Rivière@email.com', 7, 4),
	(650, 'Fournier', 'Liam', '0167809094', '0612353272', 'Liam.Fournier@email.com', 5, 5),
	(651, 'Moreau', 'Adèle', '0186877178', '0671502524', 'Adèle.Moreau@email.com', 7, 4),
	(652, 'Perrin', 'Henry', '0165713660', '0637193034', 'Henry.Perrin@email.com', 3, 3),
	(653, 'Durand', 'Yara', '0190099942', '0656969106', 'Yara.Durand@email.com', 4, 4),
	(654, 'Rivière', 'Wendie', '0188008548', '064715680', 'Wendie.Rivière@email.com', 2, 2),
	(655, 'Adam', 'Isabella', '0168263432', '0660088715', 'Isabella.Adam@email.com', 5, 5),
	(656, 'Besson', 'Adèle', '0196676854', '0651121115', 'Adèle.Besson@email.com', 2, 2),
	(657, 'Laporte', 'Bob', 'null', '0676046781', 'Bob.Laporte@email.com', 2, 2),
	(658, 'Petit', 'Gaspard', '01720812', '0614575122', 'Gaspard.Petit@email.com', 4, 4),
	(659, 'Lemaire', 'Sebastien', '0149170884', '0654458232', 'Sebastien.Lemaire@email.com', 4, 4),
	(660, 'Noël', 'Kathleen', '0188140392', '069007925', 'Kathleen.Noël@email.com', 8, 1),
	(661, 'Lemaire', 'Fred', '0116029494', '0667853459', 'Fred.Lemaire@email.com', 10, 1),
	(662, 'Charpentier', 'Sebastien', 'null', '0663250388', 'Sebastien.Charpentier@email.com', 10, 1),
	(663, 'Perrin', 'Gaspard', '0118897129', '0622522256', 'Gaspard.Perrin@email.com', 10, 1),
	(664, 'Leroy', 'Victor', '014422557', '0659789451', 'Victor.Leroy@email.com', 3, 3),
	(665, 'Leclercq', 'Pierre', '0166933720', '0643189377', 'Pierre.Leclercq@email.com', 9, 5),
	(666, 'Marchand', 'Yara', '0164273964', '0675591329', 'Yara.Marchand@email.com', 9, 5),
	(667, 'Rodriguez', 'Olivia', '0185434122', '0694741829', 'Olivia.Rodriguez@email.com', 4, 4),
	(668, 'Colin', 'Mia', '0196439703', '0673430232', 'Mia.Colin@email.com', 4, 4),
	(669, 'Hubert', 'Gina', 'null', '0630425731', 'Gina.Hubert@email.com', 7, 4),
	(670, 'Fernandez', 'Fred', '0170343576', '0689904160', 'Fred.Fernandez@email.com', 5, 5),
	(671, 'Henry', 'Adèle', '0170160532', '0658014375', 'Adèle.Henry@email.com', 2, 2),
	(672, 'Besson', 'Nathan', '0145552478', '0633443567', 'Nathan.Besson@email.com', 1, 1),
	(673, 'Roussel', 'Victor', '0158728526', '0675591329', 'Victor.Roussel@email.com', 4, 4),
	(674, 'Durand', 'Olivia', '0120074474', '0690962188', 'Olivia.Durand@email.com', 9, 5),
	(675, 'Marchand', 'Sophia', '0195834988', '0640022118', 'Sophia.Marchand@email.com', 10, 1),
	(676, 'Laporte', 'Yara', '0154307891', '0664373209', 'Yara.Laporte@email.com', 3, 3),
	(677, 'Lacroix', 'Zachary', '0157325394', '0667310177', 'Zachary.Lacroix@email.com', 5, 5),
	(678, 'Gautier', 'Wendie', '0192736614', '0682525177', 'Wendie.Gautier@email.com', 3, 3),
	(679, 'Gautier', 'Wendie', '0197829269', '0660055355', 'Wendie.Gautier@email.com', 7, 4),
	(680, 'Leclercq', 'Sophia', '0136176080', '0648858733', 'Sophia.Leclercq@email.com', 9, 5),
	(681, 'Martin', 'Arthur', '0138668971', '0660278458', 'Arthur.Martin@email.com', 2, 2),
	(682, 'Gautier', 'Quentin', '0163544203', '0617834799', 'Quentin.Gautier@email.com', 7, 4),
	(683, 'Moreau', 'Emma', '0132874500', '063630926', 'Emma.Moreau@email.com', 7, 4),
	(684, 'Fernandez', 'Célia', '0186342324', '0666113310', 'Célia.Fernandez@email.com', 2, 2),
	(685, 'Fournier', 'Pierre', '0166966507', '0690120956', 'Pierre.Fournier@email.com', 8, 1),
	(686, 'Simon', 'William', '0134035993', '0621566411', 'William.Simon@email.com', 5, 5),
	(687, 'Leroy', 'John', '0128760208', '0651320713', 'John.Leroy@email.com', 2, 2),
	(688, 'Bourgeois', 'Ursula', 'null', '0682518847', 'Ursula.Bourgeois@email.com', 7, 4),
	(689, 'Roux', 'Xander', '0142634992', '064817295', 'Xander.Roux@email.com', 1, 1),
	(690, 'Lefebvre', 'John', '0181510289', '0630123609', 'John.Lefebvre@email.com', 3, 3),
	(691, 'Brun', 'Robert', 'null', '061646813', 'Robert.Brun@email.com', 6, 1),
	(692, 'Roussel', 'Sebastien', '01987845', '0683388449', 'Sebastien.Roussel@email.com', 3, 3),
	(693, 'Richard', 'Célia', '0186194238', '0628236444', 'Célia.Richard@email.com', 6, 1),
	(694, 'Richard', 'Célia', '0112734873', '0615586428', 'Célia.Richard@email.com', 7, 4),
	(695, 'Lemaire', 'Bob', '019926643', '0610997846', 'Bob.Lemaire@email.com', 3, 3),
	(696, 'Hubert', 'Yara', '0120546318', '0688278487', 'Yara.Hubert@email.com', 3, 3),
	(697, 'Marchand', 'Wendie', '0126285964', '0689996101', 'Wendie.Marchand@email.com', 3, 3),
	(698, 'Baron', 'Sebastien', '0113328278', '0622756965', 'Sebastien.Baron@email.com', 4, 4),
	(699, 'Hubert', 'Victor', '0160343990', '0625387554', 'Victor.Hubert@email.com', 4, 4),
	(700, 'Besson', 'Paul', '0124006593', '0661034526', 'Paul.Besson@email.com', 2, 2),
	(701, 'Dumont', 'David', '0195986112', '0627440160', 'David.Dumont@email.com', 3, 3),
	(702, 'Thomas', 'Charlie', '0152429396', '0633002898', 'Charlie.Thomas@email.com', 3, 3),
	(703, 'Dumont', 'Gina', '0127611582', '0687947325', 'Gina.Dumont@email.com', 3, 3),
	(704, 'Girault', 'Kathleen', '0132854105', '0648040246', 'Kathleen.Girault@email.com', 4, 4),
	(705, 'Lambert', 'John', '0156075866', '0618463024', 'John.Lambert@email.com', 5, 5),
	(706, 'Laurent', 'Ursula', '0125399050', '0673643144', 'Ursula.Laurent@email.com', 3, 3),
	(707, 'Duval', 'Kate', '0160253226', '0627467030', 'Kate.Duval@email.com', 3, 3),
	(708, 'Martin', 'Thomas', '0169578965', '0625377178', 'Thomas.Martin@email.com', 1, 1),
	(709, 'Dubois', 'Henry', '0197750657', '0663441962', 'Henry.Dubois@email.com', 2, 2),
	(710, 'Petit', 'Riley', '012172921', '0621069764', 'Riley.Petit@email.com', 2, 2),
	(711, 'Gautier', 'William', '0194953392', '0699364410', 'William.Gautier@email.com', 5, 5),
	(712, 'Marchand', 'Fred', '0189468105', '0671665425', 'Fred.Marchand@email.com', 5, 5),
	(713, 'Charpentier', 'William', '0193486682', '0683094656', 'William.Charpentier@email.com', 2, 2),
	(714, 'Noël', 'Kate', '0141422251', '0680618419', 'Kate.Noël@email.com', 4, 4),
	(715, 'Renaud', 'Pierre', '0183470850', '0633193186', 'Pierre.Renaud@email.com', 7, 4),
	(716, 'Rivière', 'Nathan', '0165973633', '068997437', 'Nathan.Rivière@email.com', 2, 2),
	(717, 'Robert', 'Angélique', '0136248158', '0628725512', 'Angélique.Robert@email.com', 2, 2),
	(718, 'Brun', 'Liam', '0180093521', '0622907660', 'Liam.Brun@email.com', 5, 5),
	(719, 'Meyer', 'David', '0143818613', '0649523978', 'David.Meyer@email.com', 8, 1),
	(720, 'Baron', 'Emma', '0184842903', '0614449477', 'Emma.Baron@email.com', 3, 3),
	(721, 'Lefebvre', 'Angélique', '0158330695', '0694451328', 'Angélique.Lefebvre@email.com', 10, 1),
	(722, 'Dubois', 'Gina', '0145458229', '0619930304', 'Gina.Dubois@email.com', 3, 3),
	(723, 'Legrand', 'Charlotte', '0122496247', '0625873837', 'Charlotte.Legrand@email.com', 4, 4),
	(724, 'Blanc', 'John', '0163596961', '063364817', 'John.Blanc@email.com', 2, 2),
	(725, 'Bourgeois', 'Frank', '0119488699', '0648791168', 'Frank.Bourgeois@email.com', 9, 5),
	(726, 'Michel', 'Emma', '0157675435', '0624032654', 'Emma.Michel@email.com', 4, 4),
	(727, 'Colin', 'Manon', '0111930493', '068175680', 'Manon.Colin@email.com', 2, 2),
	(728, 'Rodriguez', 'Ludovic', '0119551486', '0613284230', 'Ludovic.Rodriguez@email.com', 3, 3),
	(729, 'Leroy', 'Victor', 'null', '0625339517', 'Victor.Leroy@email.com', 3, 3),
	(730, 'Simon', 'Angélique', '0160605659', '0636601844', 'Angélique.Simon@email.com', 7, 4),
	(731, 'Simon', 'Gina', 'null', '0696858603', 'Gina.Simon@email.com', 2, 2),
	(732, 'Morel', 'Victor', '0110715428', '0659810503', 'Victor.Morel@email.com', 7, 4),
	(733, 'Laurent', 'William', '0156400135', '0663625306', 'William.Laurent@email.com', 3, 3),
	(734, 'Girault', 'Riley', '0170505273', '0678075300', 'Riley.Girault@email.com', 1, 1),
	(735, 'Bourgeois', 'Charlie', '0152688977', '0639302427', 'Charlie.Bourgeois@email.com', 3, 3),
	(736, 'Baron', 'Henry', '0162958274', '0629815605', 'Henry.Baron@email.com', 9, 5),
	(737, 'Colin', 'Gina', '0160894578', '0652871395', 'Gina.Colin@email.com', 7, 4),
	(738, 'Dubois', 'Victor', '0139820404', '0660553078', 'Victor.Dubois@email.com', 3, 3),
	(739, 'Hubert', 'Gaspard', '0110724176', '0626090066', 'Gaspard.Hubert@email.com', 9, 5),
	(740, 'Leroy', 'Sebastien', '0152870652', '0692698088', 'Sebastien.Leroy@email.com', 4, 4),
	(741, 'Noël', 'Clara', '0112678652', '0632162236', 'Clara.Noël@email.com', 5, 5),
	(742, 'Moreau', 'Charlotte', '0118591565', '0694034188', 'Charlotte.Moreau@email.com', 3, 3),
	(743, 'Laurent', 'Xander', 'null', '066780039', 'Xander.Laurent@email.com', 3, 3),
	(744, 'Girard', 'William', '0166570428', '0654078828', 'William.Girard@email.com', 2, 2),
	(745, 'Lemaire', 'Fred', '0173001704', '0658814998', 'Fred.Lemaire@email.com', 3, 3),
	(746, 'Laporte', 'Robert', '0129578561', '0691726764', 'Robert.Laporte@email.com', 2, 2),
	(747, 'Durand', 'Paul', '0173231873', '0697124095', 'Paul.Durand@email.com', 3, 3),
	(748, 'Chevalier', 'Manon', '0167345118', '0685325343', 'Manon.Chevalier@email.com', 1, 1),
	(749, 'Renaud', 'Charlotte', '0126253584', '063180443', 'Charlotte.Renaud@email.com', 2, 2),
	(750, 'Adam', 'Kate', '0125601293', '0684611692', 'Kate.Adam@email.com', 5, 5),
	(751, 'Mercier', 'Kathleen', '011567060', '0682525177', 'Kathleen.Mercier@email.com', 5, 5),
	(752, 'Moreau', 'Gaspard', '018205686', '0699794310', 'Gaspard.Moreau@email.com', 3, 3),
	(753, 'Bourgeois', 'Raphaël', '0172836574', '0652080177', 'Raphaël.Bourgeois@email.com', 3, 3),
	(754, 'Blanc', 'Raphaël', '0165881716', '0634136494', 'Raphaël.Blanc@email.com', 7, 4),
	(755, 'Marchand', 'Robert', '0178886045', '0651937534', 'Robert.Marchand@email.com', 8, 1),
	(756, 'Gautier', 'Kate', '0173684797', '0674030604', 'Kate.Gautier@email.com', 7, 4),
	(757, 'Marchand', 'Quentin', '0135334566', '0649646572', 'Quentin.Marchand@email.com', 10, 1),
	(758, 'Duval', 'Thomas', '0124016039', '0691416441', 'Thomas.Duval@email.com', 4, 4),
	(759, 'Hubert', 'Riley', '0149283696', '0695107128', 'Riley.Hubert@email.com', 3, 3),
	(760, 'Brun', 'Pierre', '014543271', '0649744201', 'Pierre.Brun@email.com', 3, 3),
	(761, 'Laurent', 'Charlotte', '0188172830', '0619779660', 'Charlotte.Laurent@email.com', 2, 2),
	(762, 'Lemaire', 'Victor', '0141118271', '0641021102', 'Victor.Lemaire@email.com', 2, 2),
	(763, 'Roux', 'Théo', '0143619415', '0656005544', 'Théo.Roux@email.com', 4, 4),
	(764, 'Bernard', 'Célia', 'null', '0622832008', 'Célia.Bernard@email.com', 3, 3),
	(765, 'Roux', 'Fred', '0129953908', '0673867740', 'Fred.Roux@email.com', 2, 2),
	(766, 'Meyer', 'Liam', '0143857268', '0641861286', 'Liam.Meyer@email.com', 2, 2),
	(767, 'Rodriguez', 'Clara', '0169286381', '0645733375', 'Clara.Rodriguez@email.com', 5, 5),
	(768, 'Lecomte', 'Manon', '0189614223', '0660303018', 'Manon.Lecomte@email.com', 3, 3),
	(769, 'Lemaire', 'Manon', '0158038457', '0657950275', 'Manon.Lemaire@email.com', 8, 1),
	(770, 'Gautier', 'Zachary', '0160735140', '0668513274', 'Zachary.Gautier@email.com', 2, 2),
	(771, 'Garcia', 'Paul', '0175905154', '0611123602', 'Paul.Garcia@email.com', 8, 1),
	(772, 'Morel', 'Thomas', '0154087461', '0686355412', 'Thomas.Morel@email.com', 3, 3),
	(773, 'Morel', 'Paul', '0143284235', '0698512830', 'Paul.Morel@email.com', 4, 4),
	(774, 'Perrin', 'Victor', 'null', '065600675', 'Victor.Perrin@email.com', 9, 5),
	(775, 'Besson', 'Kate', '0111995372', '067895219', 'Kate.Besson@email.com', 2, 2),
	(776, 'Renaud', 'John', '0198808128', '0637659967', 'John.Renaud@email.com', 9, 5),
	(777, 'Roussel', 'Victor', '0123900920', '0679773342', 'Victor.Roussel@email.com', 3, 3),
	(778, 'Rivière', 'Isabella', '0143938534', '0638989891', 'Isabella.Rivière@email.com', 7, 4),
	(779, 'Laporte', 'Adèle', '0114252322', '0676447198', 'Adèle.Laporte@email.com', 9, 5),
	(780, 'Lemaire', 'Arthur', '0120086691', '0671771602', 'Arthur.Lemaire@email.com', 5, 5),
	(781, 'Perrin', 'Charlotte', 'null', '061726510', 'Charlotte.Perrin@email.com', 4, 4),
	(782, 'Gautier', 'Mia', '0115487823', '0645561354', 'Mia.Gautier@email.com', 7, 4),
	(783, 'Rivière', 'Kathleen', '0178878747', '0662339897', 'Kathleen.Rivière@email.com', 5, 5),
	(784, 'Noël', 'Raphaël', '0186031118', '0658454694', 'Raphaël.Noël@email.com', 7, 4),
	(785, 'Gautier', 'Célia', 'null', '0617513261', 'Célia.Gautier@email.com', 2, 2),
	(786, 'Duval', 'Adèle', '0135406055', '0634146703', 'Adèle.Duval@email.com', 7, 4),
	(787, 'Richard', 'Liam', '0153206502', '0654043852', 'Liam.Richard@email.com', 7, 4),
	(788, 'Laurent', 'Raphaël', '0164706710', '0683264104', 'Raphaël.Laurent@email.com', 5, 5),
	(789, 'Bourgeois', 'Nathan', '0139923020', '0635629370', 'Nathan.Bourgeois@email.com', 2, 2),
	(790, 'Baron', 'John', '0170623201', '0692139450', 'John.Baron@email.com', 3, 3),
	(791, 'Blanc', 'Isabella', 'null', '0660596890', 'Isabella.Blanc@email.com', 1, 1),
	(792, 'Lambert', 'Nathan', '0128794154', '0618583049', 'Nathan.Lambert@email.com', 5, 5),
	(793, 'Morel', 'Ludovic', '0127059560', '066263425', 'Ludovic.Morel@email.com', 2, 2),
	(794, 'Marie', 'Sebastien', '017482138', '0611506814', 'Sebastien.Marie@email.com', 6, 1),
	(795, 'Baron', 'William', '0173642151', '0627041273', 'William.Baron@email.com', 8, 1),
	(796, 'Roussel', 'John', 'null', '0625686176', 'John.Roussel@email.com', 1, 1),
	(797, 'Charpentier', 'Arthur', '0194652883', '0692010', 'Arthur.Charpentier@email.com', 4, 4),
	(798, 'Brun', 'Fred', '0181277255', '0668383946', 'Fred.Brun@email.com', 9, 5),
	(799, 'Perrin', 'Bob', '016807447', '0674746817', 'Bob.Perrin@email.com', 7, 4),
	(800, 'Leclercq', 'Paul', '0189389660', '0647823091', 'Paul.Leclercq@email.com', 10, 1),
	(801, 'Thomas', 'Henry', '015481818', '0691673874', 'Henry.Thomas@email.com', 1, 1),
	(802, 'Durand', 'Charlotte', '0134405916', '0666393031', 'Charlotte.Durand@email.com', 7, 4),
	(803, 'Henry', 'Quentin', '0150546507', '0646064744', 'Quentin.Henry@email.com', 5, 5),
	(804, 'Girault', 'Manon', '0175073478', '0626565962', 'Manon.Girault@email.com', 3, 3),
	(805, 'Charpentier', 'Ludovic', '0190007511', '062097017', 'Ludovic.Charpentier@email.com', 3, 3),
	(806, 'Chevalier', 'David', '0187620209', '0618582909', 'David.Chevalier@email.com', 9, 5),
	(807, 'Girault', 'Arthur', '0166392997', '0686787', 'Arthur.Girault@email.com', 3, 3),
	(808, 'Simon', 'Angélique', 'null', '0626820313', 'Angélique.Simon@email.com', 5, 5),
	(809, 'Lambert', 'Adèle', '0136901698', '0677553269', 'Adèle.Lambert@email.com', 5, 5),
	(810, 'Garcia', 'Charlie', '0112372509', '0676414871', 'Charlie.Garcia@email.com', 2, 2),
	(811, 'Marie', 'Frank', '01375642', '0645168891', 'Frank.Marie@email.com', 2, 2),
	(812, 'Leclercq', 'Gina', '0126285964', '067044404', 'Gina.Leclercq@email.com', 3, 3),
	(813, 'Leclercq', 'Arthur', 'null', '068001524', 'Arthur.Leclercq@email.com', 2, 2),
	(814, 'Colin', 'Bob', '0168416707', '0615824050', 'Bob.Colin@email.com', 3, 3),
	(815, 'Simon', 'Henry', '0188194263', '0688003033', 'Henry.Simon@email.com', 2, 2),
	(816, 'Dumont', 'Henry', '0112179443', '0675773294', 'Henry.Dumont@email.com', 4, 4),
	(817, 'Brun', 'Paul', '0123386244', '0655387207', 'Paul.Brun@email.com', 3, 3),
	(818, 'Laporte', 'Nathan', '0142167988', '0651645109', 'Nathan.Laporte@email.com', 10, 1),
	(819, 'Michel', 'Bob', '0180900252', '0668696581', 'Bob.Michel@email.com', 9, 5),
	(820, 'Rivière', 'Kathleen', '0171241757', '0671768068', 'Kathleen.Rivière@email.com', 7, 4),
	(821, 'Bourgeois', 'Wendie', '0195404452', '0633149979', 'Wendie.Bourgeois@email.com', 4, 4),
	(822, 'Baron', 'Alice', '0132366428', '0656472859', 'Alice.Baron@email.com', 4, 4),
	(823, 'Lacroix', 'Arthur', '0168416707', '066669409', 'Arthur.Lacroix@email.com', 2, 2),
	(824, 'Lefebvre', 'Frank', '0167510067', '0612948887', 'Frank.Lefebvre@email.com', 10, 1),
	(825, 'Bernard', 'Mia', '0167085885', '0697449148', 'Mia.Bernard@email.com', 4, 4),
	(826, 'Girard', 'Gina', 'null', '0672752023', 'Gina.Girard@email.com', 5, 5),
	(827, 'Marie', 'Gabriel', 'null', '064378782', 'Gabriel.Marie@email.com', 1, 1),
	(828, 'Dubois', 'Xander', '0117517772', '0676884988', 'Xander.Dubois@email.com', 3, 3),
	(829, 'Thomas', 'Angélique', '0136254827', '0631617172', 'Angélique.Thomas@email.com', 1, 1),
	(830, 'Adam', 'Wendie', '0169774726', '0676603812', 'Wendie.Adam@email.com', 1, 1),
	(831, 'Brun', 'Raphaël', '0196787604', '0666499977', 'Raphaël.Brun@email.com', 7, 4),
	(832, 'Mercier', 'Mia', '0125178692', '0651830530', 'Mia.Mercier@email.com', 9, 5),
	(833, 'Martin', 'Charlie', '0197227992', '0649757579', 'Charlie.Martin@email.com', 10, 1),
	(834, 'Garcia', 'Xander', '0143394505', '0665891925', 'Xander.Garcia@email.com', 9, 5),
	(835, 'Moreau', 'Riley', '0172609270', '0694480414', 'Riley.Moreau@email.com', 6, 1),
	(836, 'Leroy', 'Clara', '0151889969', '065943131', 'Clara.Leroy@email.com', 2, 2),
	(837, 'Colin', 'Célia', '0141839798', '0613202328', 'Célia.Colin@email.com', 4, 4),
	(838, 'Colin', 'Gabriel', 'null', '0633488718', 'Gabriel.Colin@email.com', 3, 3),
	(839, 'Lefebvre', 'Henry', '0198640008', '067377046', 'Henry.Lefebvre@email.com', 4, 4),
	(840, 'Lecomte', 'Nathan', '0199042716', '0641466758', 'Nathan.Lecomte@email.com', 1, 1),
	(841, 'Legrand', 'William', '0124332808', '06146508', 'William.Legrand@email.com', 3, 3),
	(842, 'Dubois', 'Angélique', '0191112752', '0632748642', 'Angélique.Dubois@email.com', 3, 3),
	(843, 'Renaud', 'Frank', 'null', '0658691969', 'Frank.Renaud@email.com', 9, 5),
	(844, 'Thomas', 'Arthur', '013956826', '0655985003', 'Arthur.Thomas@email.com', 7, 4),
	(845, 'Colin', 'Célia', '0180019040', '068294034', 'Célia.Colin@email.com', 2, 2),
	(846, 'Brun', 'Arthur', 'null', '0654479755', 'Arthur.Brun@email.com', 2, 2),
	(847, 'Bernard', 'Victor', '0159816771', '0662770930', 'Victor.Bernard@email.com', 7, 4),
	(848, 'Brun', 'Robert', '0178085443', '0616681976', 'Robert.Brun@email.com', 5, 5),
	(849, 'Marchand', 'Quentin', '0157134665', '0617285901', 'Quentin.Marchand@email.com', 4, 4),
	(850, 'Mercier', 'Gaspard', '0138181552', '0634738783', 'Gaspard.Mercier@email.com', 5, 5),
	(851, 'Dumont', 'Yara', '0145253071', '0659271948', 'Yara.Dumont@email.com', 9, 5),
	(852, 'Colin', 'Arthur', '0196311897', '0655635494', 'Arthur.Colin@email.com', 2, 2),
	(853, 'Charpentier', 'Yara', '013093439', '0627170912', 'Yara.Charpentier@email.com', 3, 3),
	(854, 'Petit', 'Clara', '0179156444', '0697707112', 'Clara.Petit@email.com', 5, 5),
	(855, 'Durand', 'Angélique', '0119377378', '0687492712', 'Angélique.Durand@email.com', 5, 5),
	(856, 'Dumont', 'William', '0124268282', '0686293958', 'William.Dumont@email.com', 2, 2),
	(857, 'Baron', 'Thomas', '0192881644', '0621753309', 'Thomas.Baron@email.com', 2, 2),
	(858, 'Roussel', 'Fred', '0138260592', '067629783', 'Fred.Roussel@email.com', 8, 1),
	(859, 'Simon', 'Clara', '0133958333', '0689504455', 'Clara.Simon@email.com', 3, 3),
	(860, 'Hubert', 'Zachary', 'null', '0680193742', 'Zachary.Hubert@email.com', 9, 5),
	(861, 'Durand', 'Clara', '0140488522', '065159092', 'Clara.Durand@email.com', 3, 3),
	(862, 'Colin', 'Henry', '0120928380', '0638967191', 'Henry.Colin@email.com', 9, 5),
	(863, 'Lemaire', 'Ludovic', '0118283626', '0673465574', 'Ludovic.Lemaire@email.com', 9, 5),
	(864, 'Laurent', 'Adèle', '0117136524', '063371350', 'Adèle.Laurent@email.com', 7, 4),
	(865, 'Girault', 'Isabella', 'null', '067628628', 'Isabella.Girault@email.com', 5, 5),
	(866, 'Moreau', 'Théo', '0197855037', '0684120350', 'Théo.Moreau@email.com', 5, 5),
	(867, 'Laporte', 'Yara', 'null', '0665114535', 'Yara.Laporte@email.com', 2, 2),
	(868, 'Richard', 'Riley', '0181902642', '0629474775', 'Riley.Richard@email.com', 8, 1),
	(869, 'Thomas', 'Gina', '0154206888', '0633892996', 'Gina.Thomas@email.com', 3, 3),
	(870, 'Roussel', 'Manon', '0147577270', '0644381466', 'Manon.Roussel@email.com', 3, 3),
	(871, 'Laporte', 'Frank', '0167429805', '067430247', 'Frank.Laporte@email.com', 9, 5),
	(872, 'Petit', 'Kathleen', '0175741933', '0666765740', 'Kathleen.Petit@email.com', 1, 1),
	(873, 'Blanc', 'Théo', '0115156871', '0695584476', 'Théo.Blanc@email.com', 4, 4),
	(874, 'Thomas', 'Mia', '0151335193', '0660303018', 'Mia.Thomas@email.com', 4, 4),
	(875, 'Thomas', 'Ludovic', '0186424', '0698429709', 'Ludovic.Thomas@email.com', 10, 1),
	(876, 'Legrand', 'Olivia', 'null', '0631860992', 'Olivia.Legrand@email.com', 1, 1),
	(877, 'Charpentier', 'Kate', '0140243429', '0674623341', 'Kate.Charpentier@email.com', 4, 4),
	(878, 'Lecomte', 'Paul', 'null', '0694865294', 'Paul.Lecomte@email.com', 6, 1),
	(879, 'Girault', 'Olivia', '018028631', '0655809227', 'Olivia.Girault@email.com', 5, 5),
	(880, 'Richard', 'Pierre', '014239513', '0643407739', 'Pierre.Richard@email.com', 2, 2),
	(881, 'Durand', 'Robert', '0166688385', '0643310844', 'Robert.Durand@email.com', 3, 3),
	(882, 'Besson', 'Sebastien', '0155494380', '0676872943', 'Sebastien.Besson@email.com', 9, 5),
	(883, 'Gautier', 'Henry', '0151503743', '0631979449', 'Henry.Gautier@email.com', 5, 5),
	(884, 'Leclercq', 'Angélique', '0116523860', '063406955', 'Angélique.Leclercq@email.com', 7, 4),
	(885, 'Adam', 'Adèle', '0133039429', '067172463', 'Adèle.Adam@email.com', 6, 1),
	(886, 'Leclercq', 'Raphaël', '0129053280', '0619355688', 'Raphaël.Leclercq@email.com', 10, 1),
	(887, 'Charpentier', 'Riley', '0198596431', '0671011482', 'Riley.Charpentier@email.com', 3, 3),
	(888, 'Bernard', 'Robert', '011233778', '0669269384', 'Robert.Bernard@email.com', 9, 5),
	(889, 'Morel', 'Mia', '0147322980', '0682628180', 'Mia.Morel@email.com', 2, 2),
	(890, 'Chevalier', 'Kathleen', '0158314334', '0615903434', 'Kathleen.Chevalier@email.com', 9, 5),
	(891, 'Bourgeois', 'Henry', '0130690465', '0691744613', 'Henry.Bourgeois@email.com', 5, 5),
	(892, 'Dubois', 'Théo', '0159904246', '0672306795', 'Théo.Dubois@email.com', 9, 5),
	(893, 'Girard', 'Gaspard', '0146112465', '063500366', 'Gaspard.Girard@email.com', 10, 1),
	(894, 'Leclercq', 'Riley', '0111744563', '0660613542', 'Riley.Leclercq@email.com', 3, 3),
	(895, 'Perrin', 'Clara', '0126356841', '0622527109', 'Clara.Perrin@email.com', 4, 4),
	(896, 'Simon', 'Sebastien', '013161389', '0626905643', 'Sebastien.Simon@email.com', 9, 5),
	(897, 'Blanc', 'Nathan', '017642315', '067810916', 'Nathan.Blanc@email.com', 1, 1),
	(898, 'Renaud', 'Sebastien', 'null', '0696739822', 'Sebastien.Renaud@email.com', 6, 1),
	(899, 'Charpentier', 'William', '0164549398', '0688628572', 'William.Charpentier@email.com', 4, 4),
	(900, 'Girault', 'Alice', '0186838185', '066037781', 'Alice.Girault@email.com', 3, 3),
	(901, 'Chevalier', 'Robert', '0153106077', '0670574668', 'Robert.Chevalier@email.com', 4, 4),
	(902, 'Legrand', 'Clara', '0130062683', '0616493853', 'Clara.Legrand@email.com', 4, 4),
	(903, 'Rodriguez', 'Zachary', '0127920080', '068838754', 'Zachary.Rodriguez@email.com', 3, 3),
	(904, 'Leroy', 'Liam', '0192546196', '0671281046', 'Liam.Leroy@email.com', 5, 5),
	(905, 'Perrin', 'Gaspard', 'null', '0683068480', 'Gaspard.Perrin@email.com', 6, 1),
	(906, 'Blanc', 'Thomas', 'null', '0683438283', 'Thomas.Blanc@email.com', 4, 4),
	(907, 'Michel', 'Kathleen', '0143811684', '0689657132', 'Kathleen.Michel@email.com', 3, 3),
	(908, 'Laporte', 'Quentin', '0111612753', '0640667413', 'Quentin.Laporte@email.com', 1, 1),
	(909, 'Baron', 'Adèle', '0136254827', '0687158501', 'Adèle.Baron@email.com', 1, 1),
	(910, 'Adam', 'Théo', '0114907098', '0660544467', 'Théo.Adam@email.com', 9, 5),
	(911, 'Dumont', 'Sophia', '0112633022', '0643393238', 'Sophia.Dumont@email.com', 3, 3),
	(912, 'Besson', 'Yara', '0187851674', '0687479460', 'Yara.Besson@email.com', 3, 3),
	(913, 'Richard', 'Liam', '013106053', '06418413', 'Liam.Richard@email.com', 6, 1),
	(914, 'Morel', 'Raphaël', '0136599632', '0660839340', 'Raphaël.Morel@email.com', 2, 2),
	(915, 'Henry', 'Gaspard', '0197960374', '0647969097', 'Gaspard.Henry@email.com', 7, 4),
	(916, 'Besson', 'Ursula', '0191228481', '0630864695', 'Ursula.Besson@email.com', 7, 4),
	(917, 'Lemaire', 'William', '0114898510', '0641712566', 'William.Lemaire@email.com', 4, 4),
	(918, 'Robert', 'Angélique', '0192554351', '061705700', 'Angélique.Robert@email.com', 9, 5),
	(919, 'Meyer', 'Gina', 'null', '063702290', 'Gina.Meyer@email.com', 5, 5),
	(920, 'Girault', 'Raphaël', '0136918464', '0685256413', 'Raphaël.Girault@email.com', 3, 3),
	(921, 'Roussel', 'Adèle', '019640170', '0668002004', 'Adèle.Roussel@email.com', 3, 3),
	(922, 'Perrin', 'Sebastien', '0112870569', '067431001', 'Sebastien.Perrin@email.com', 5, 5),
	(923, 'Gautier', 'Riley', '0119594680', '0685523812', 'Riley.Gautier@email.com', 4, 4),
	(924, 'Durand', 'Adèle', '0169728278', '0680231876', 'Adèle.Durand@email.com', 2, 2),
	(925, 'Perrin', 'Charlotte', '0196230328', '0615968916', 'Charlotte.Perrin@email.com', 3, 3),
	(926, 'Blanc', 'Yara', '0166488838', '0632571685', 'Yara.Blanc@email.com', 8, 1),
	(927, 'Lambert', 'Emma', '0131763246', '0649282622', 'Emma.Lambert@email.com', 3, 3),
	(928, 'Simon', 'Charlotte', '0186296733', '0668035902', 'Charlotte.Simon@email.com', 10, 1),
	(929, 'Marie', 'Ludovic', '0130318046', '0613343017', 'Ludovic.Marie@email.com', 8, 1),
	(930, 'Dubois', 'Ludovic', '0116840465', '0666442062', 'Ludovic.Dubois@email.com', 3, 3),
	(931, 'Dumont', 'Henry', '0129842626', '068936905', 'Henry.Dumont@email.com', 9, 5),
	(932, 'Dubois', 'Quentin', '0137248344', '0639070229', 'Quentin.Dubois@email.com', 9, 5),
	(933, 'Charpentier', 'Ursula', '0111995372', '0615703536', 'Ursula.Charpentier@email.com', 3, 3),
	(934, 'Leroy', 'Gina', '0188856924', '0673411133', 'Gina.Leroy@email.com', 3, 3),
	(935, 'Renaud', 'Ludovic', '0160965414', '064650303', 'Ludovic.Renaud@email.com', 10, 1),
	(936, 'Fernandez', 'Riley', '0142562992', '06349951', 'Riley.Fernandez@email.com', 2, 2),
	(937, 'Lambert', 'Frank', '0179336206', '0693065392', 'Frank.Lambert@email.com', 2, 2),
	(938, 'Dumont', 'Raphaël', '0198526779', '0680608210', 'Raphaël.Dumont@email.com', 3, 3),
	(939, 'Perrin', 'Pierre', '0173430326', '0611070741', 'Pierre.Perrin@email.com', 8, 1),
	(940, 'Mercier', 'Pierre', '0149210756', '0612689435', 'Pierre.Mercier@email.com', 2, 2),
	(941, 'Girault', 'Adèle', '0128722227', '0679893729', 'Adèle.Girault@email.com', 4, 4),
	(942, 'Noël', 'Gina', '0153807800', '0679806073', 'Gina.Noël@email.com', 1, 1),
	(943, 'Dumont', 'Thomas', '0132255214', '0636104849', 'Thomas.Dumont@email.com', 7, 4),
	(944, 'Rivière', 'Riley', '0168973246', '0630590553', 'Riley.Rivière@email.com', 2, 2),
	(945, 'Garcia', 'Célia', '014589962', '0633912389', 'Célia.Garcia@email.com', 7, 4),
	(946, 'Adam', 'Clara', '0185649892', '0662291596', 'Clara.Adam@email.com', 10, 1),
	(947, 'Girault', 'Kathleen', '0136323442', '0658248839', 'Kathleen.Girault@email.com', 3, 3),
	(948, 'Rodriguez', 'Paul', '0169107793', '0649645367', 'Paul.Rodriguez@email.com', 3, 3),
	(949, 'Martin', 'Thomas', '0191131809', '0614134623', 'Thomas.Martin@email.com', 2, 2),
	(950, 'Richard', 'Emma', '0152678808', '0699333366', 'Emma.Richard@email.com', 2, 2),
	(951, 'Brun', 'Kate', '0174001825', '0683936221', 'Kate.Brun@email.com', 2, 2),
	(952, 'Colin', 'Quentin', 'null', '0670894180', 'Quentin.Colin@email.com', 1, 1),
	(953, 'Lacroix', 'Riley', '0124623596', '0636331858', 'Riley.Lacroix@email.com', 9, 5),
	(954, 'Martin', 'Pierre', '0149880424', '067659749', 'Pierre.Martin@email.com', 2, 2),
	(955, 'Dumont', 'Wendie', '0194382895', '0641537719', 'Wendie.Dumont@email.com', 2, 2),
	(956, 'Girard', 'Gaspard', '0197156786', '06127467', 'Gaspard.Girard@email.com', 8, 1),
	(957, 'Roux', 'Liam', '0158613533', '0668989919', 'Liam.Roux@email.com', 4, 4),
	(958, 'Lambert', 'Zachary', 'null', '0681909789', 'Zachary.Lambert@email.com', 2, 2),
	(959, 'Adam', 'Manon', '0113267942', '0685695889', 'Manon.Adam@email.com', 4, 4),
	(960, 'Henry', 'Angélique', '0116710158', '0641161988', 'Angélique.Henry@email.com', 3, 3),
	(961, 'Dumont', 'Xander', 'null', '0684122982', 'Xander.Dumont@email.com', 4, 4),
	(962, 'Renaud', 'Nathan', '0177351830', '0693821040', 'Nathan.Renaud@email.com', 6, 1),
	(963, 'Leclercq', 'Fred', '0132985218', '0656029106', 'Fred.Leclercq@email.com', 2, 2),
	(964, 'Morel', 'Sebastien', '013106053', '0650616688', 'Sebastien.Morel@email.com', 5, 5),
	(965, 'Meyer', 'Gina', '0178451892', '0636681928', 'Gina.Meyer@email.com', 3, 3),
	(966, 'Mercier', 'Manon', '0123515120', '064441551', 'Manon.Mercier@email.com', 2, 2),
	(967, 'Martin', 'Kate', '0180763795', '0623908983', 'Kate.Martin@email.com', 2, 2),
	(968, 'Roussel', 'Adèle', '0145506466', '0665670781', 'Adèle.Roussel@email.com', 3, 3),
	(969, 'Laurent', 'Adèle', '0113385367', '0644127433', 'Adèle.Laurent@email.com', 2, 2),
	(970, 'Legrand', 'Victor', '0167430108', '0663964031', 'Victor.Legrand@email.com', 2, 2),
	(971, 'Meyer', 'Sebastien', '0123911042', '0691973362', 'Sebastien.Meyer@email.com', 2, 2),
	(972, 'Henry', 'Frank', '0159906488', '062184896', 'Frank.Henry@email.com', 4, 4),
	(973, 'Marie', 'Bob', '0113998036', '0662352255', 'Bob.Marie@email.com', 7, 4),
	(974, 'Adam', 'Arthur', '0121182548', '0672246208', 'Arthur.Adam@email.com', 6, 1),
	(975, 'Brun', 'David', '0139588003', '0673692154', 'David.Brun@email.com', 3, 3),
	(976, 'Garcia', 'Kate', '016625196', '0642534659', 'Kate.Garcia@email.com', 9, 5),
	(977, 'Baron', 'Kate', '0156400135', '067137911', 'Kate.Baron@email.com', 7, 4),
	(978, 'Perrin', 'Nathan', '0123300720', '0655075141', 'Nathan.Perrin@email.com', 10, 1),
	(979, 'Moreau', 'Pierre', '0126567533', '0673656209', 'Pierre.Moreau@email.com', 2, 2),
	(980, 'Legrand', 'Zachary', '0159653685', '0624529648', 'Zachary.Legrand@email.com', 1, 1),
	(981, 'Girard', 'Clara', '0166733284', '0612270576', 'Clara.Girard@email.com', 7, 4),
	(982, 'Duval', 'Charlie', '0146742322', '0692466411', 'Charlie.Duval@email.com', 6, 1),
	(983, 'Legrand', 'Gaspard', '0142726812', '0655570511', 'Gaspard.Legrand@email.com', 4, 4),
	(984, 'Roussel', 'Théo', '0132357310', '0634958489', 'Théo.Roussel@email.com', 5, 5),
	(985, 'Brun', 'Kathleen', '014115874', '0645856120', 'Kathleen.Brun@email.com', 10, 1),
	(986, 'Michel', 'Emma', '0147654915', '0621407274', 'Emma.Michel@email.com', 4, 4),
	(987, 'Robert', 'Emma', '0132771699', '0621510144', 'Emma.Robert@email.com', 8, 1),
	(988, 'Fernandez', 'Henry', '0142417731', '0631704528', 'Henry.Fernandez@email.com', 2, 2),
	(989, 'Richard', 'Kate', '0167726414', '0612493423', 'Kate.Richard@email.com', 2, 2),
	(990, 'Richard', 'Xander', '0153114473', '0628347690', 'Xander.Richard@email.com', 3, 3),
	(991, 'Mathieu', 'Gabriel', '0183132494', '0683557396', 'Gabriel.Mathieu@email.com', 6, 1),
	(992, 'Marie', 'Kate', '015830376', '0657379695', 'Kate.Marie@email.com', 3, 3),
	(993, 'Legrand', 'Gaspard', '0171781663', '0676159727', 'Gaspard.Legrand@email.com', 2, 2),
	(994, 'Mathieu', 'Victor', '0176227589', '0676793129', 'Victor.Mathieu@email.com', 9, 5),
	(995, 'Charpentier', 'Gina', '0143455872', '0645405880', 'Gina.Charpentier@email.com', 4, 4),
	(996, 'Mathieu', 'Emma', '0116701556', '0624466446', 'Emma.Mathieu@email.com', 4, 4),
	(997, 'Renaud', 'Gabriel', '0123107934', '0635992142', 'Gabriel.Renaud@email.com', 7, 4),
	(998, 'Baron', 'Quentin', '0117604367', '0683048428', 'Quentin.Baron@email.com', 2, 2),
	(999, 'Rivière', 'Paul', '0115779607', '0676046781', 'Paul.Rivière@email.com', 2, 2),
	(1000, 'Michel', 'Adèle', '0155647586', '0661635893', 'Adèle.Michel@email.com', 2, 2);

-- Listage de la structure de table annuaire. service
CREATE TABLE IF NOT EXISTS `service` (
  `NUM_SERV` int NOT NULL AUTO_INCREMENT,
  `SERVICE` char(50) NOT NULL,
  `NUM_SITE` int NOT NULL,
  PRIMARY KEY (`NUM_SERV`),
  KEY `SITE_SERV` (`NUM_SITE`),
  CONSTRAINT `SITE_SERV` FOREIGN KEY (`NUM_SITE`) REFERENCES `site` (`NUM_SITE`)
) ENGINE=InnoDB AUTO_INCREMENT=11 DEFAULT CHARSET=utf8mb4 COLLATE=utf8mb4_0900_ai_ci;

-- Listage des données de la table annuaire.service : ~10 rows (environ)
INSERT INTO `service` (`NUM_SERV`, `SERVICE`, `NUM_SITE`) VALUES
	(1, 'Comptabilité', 1),
	(2, 'production', 2),
	(3, 'production', 3),
	(4, 'production', 4),
	(5, 'production', 5),
	(6, 'accueil', 1),
	(7, 'accueil', 4),
	(8, 'informatique', 1),
	(9, 'informatique', 5),
	(10, 'commercial', 1);

-- Listage de la structure de table annuaire. site
CREATE TABLE IF NOT EXISTS `site` (
  `NUM_SITE` int NOT NULL AUTO_INCREMENT,
  `VILLE` char(50) NOT NULL,
  `NUM_TYPE` int NOT NULL,
  PRIMARY KEY (`NUM_SITE`),
  KEY `TYPE_SITE` (`NUM_TYPE`),
  CONSTRAINT `TYPE_SITE` FOREIGN KEY (`NUM_TYPE`) REFERENCES `type` (`NUM_TYPE`)
) ENGINE=InnoDB AUTO_INCREMENT=6 DEFAULT CHARSET=utf8mb4 COLLATE=utf8mb4_0900_ai_ci;

-- Listage des données de la table annuaire.site : ~5 rows (environ)
INSERT INTO `site` (`NUM_SITE`, `VILLE`, `NUM_TYPE`) VALUES
	(1, 'Paris', 1),
	(2, 'Nantes', 2),
	(3, 'Toulouse', 2),
	(4, 'Nice', 2),
	(5, 'Lille', 2);

-- Listage de la structure de table annuaire. type
CREATE TABLE IF NOT EXISTS `type` (
  `NUM_TYPE` int NOT NULL AUTO_INCREMENT,
  `TYPE` char(50) CHARACTER SET utf8mb4 COLLATE utf8mb4_0900_ai_ci NOT NULL,
  PRIMARY KEY (`NUM_TYPE`) USING BTREE
) ENGINE=InnoDB AUTO_INCREMENT=3 DEFAULT CHARSET=utf8mb4 COLLATE=utf8mb4_0900_ai_ci;

-- Listage des données de la table annuaire.type : ~2 rows (environ)
INSERT INTO `type` (`NUM_TYPE`, `TYPE`) VALUES
	(1, 'Siège administratif'),
	(2, 'Site de Production');

/*!40103 SET TIME_ZONE=IFNULL(@OLD_TIME_ZONE, 'system') */;
/*!40101 SET SQL_MODE=IFNULL(@OLD_SQL_MODE, '') */;
/*!40014 SET FOREIGN_KEY_CHECKS=IFNULL(@OLD_FOREIGN_KEY_CHECKS, 1) */;
/*!40101 SET CHARACTER_SET_CLIENT=@OLD_CHARACTER_SET_CLIENT */;
/*!40111 SET SQL_NOTES=IFNULL(@OLD_SQL_NOTES, 1) */;
